"OWNER";"TABLE_NAME";"COLUMN_ID";"COLUMN_NAME";"DATA_TYPE";"DATA_LENGTH";"NULLABLE";"DATA_SCALE";"AVG_COL_LEN";"NUM_DISTINCT";"NUM_NULLS";"DENSITY";"DEFAULT_ON_NULL";"NUM_BUCKETS";"COMMENTS";"CONSTRAINTS"
"SIPAJ";"ADVOGADO_PROC_JUDIC";1;"SEQ_PROC_DOCUMENTO";"NUMBER";22;"N";0;5;7163;0;0,000139606310205221;"NO";1;"Identificador unico de processo ou documento.";"FK_PRO_JUD_R_ADV_PROC (FOREIGN KEY, ENABLED); PK_ADVOGADO_PROC_JUDIC (PRIMARY KEY, ENABLED); SYS_C0059261 (CHECK, ENABLED)"
"SIPAJ";"ADVOGADO_PROC_JUDIC";2;"SEQ_ADVOGADO";"NUMBER";22;"N";0;5;3248;0;0,000278;"NO";254;"Sequencial do Advogado";"PK_ADVOGADO_PROC_JUDIC (PRIMARY KEY, ENABLED); SYS_C0059262 (CHECK, ENABLED)"
"SIPAJ";"ANDAMENTO";1;"SEQ_ANDAMENTO";"NUMBER";22;"N";0;5;60078;0;0,0000166450281300975;"NO";1;"Identificador único do andamento do processo.";"PK_ANDAMENTO (PRIMARY KEY, ENABLED); SYS_C0059264 (CHECK, ENABLED)"
"SIPAJ";"ANDAMENTO";2;"SEQ_USUARIO";"NUMBER";22;"Y";0;6;39;0;0,00000832251406504877;"NO";39;"Usuário autor da ação que provocou o andamento.";"FK_USU_R_AND (FOREIGN KEY, ENABLED)"
"SIPAJ";"ANDAMENTO";3;"SEQ_PROC_DOCUMENTO";"NUMBER";22;"Y";0;5;26674;0;0,0000374896903351578;"NO";1;"Identificador único de processo ou documento.";"FK_PRO_R_AND (FOREIGN KEY, ENABLED)"
"SIPAJ";"ANDAMENTO";4;"DAT_ANDAMENTO";"DATE";7;"N";;8;60078;0;0,0000166450281300975;"NO";1;"Data em que foi o registro de andamento foi criado.";"SYS_C0059265 (CHECK, ENABLED)"
"SIPAJ";"ANDAMENTO";5;"DSC_ANDAMENTO";"VARCHAR2";255;"Y";;88;210;0;0,00476190476190476;"NO";1;"Descricao da acao que criou o registro de andamento.";" (, )"
"SIPAJ";"ANDAMENTO";6;"STA_PROCESSO";"NUMBER";22;"Y";0;3;5;0;0,2;"NO";1;"";"CKC_STA_PROCESSO_ANDAMENTO (CHECK, ENABLED)"
"SIPAJ";"ASSUNTO";1;"SEQ_ASSUNTO";"NUMBER";22;"N";0;4;226;0;0,00442477876106195;"NO";1;"Identificador único do assunto do processo";"PK_ASSUNTO (PRIMARY KEY, ENABLED); SYS_C0059268 (CHECK, ENABLED)"
"SIPAJ";"ASSUNTO";2;"SEQ_RAMO_DIREITO";"NUMBER";22;"N";0;3;4;0;0,00221238938053097;"NO";4;"Identificador unico de Ramo do Direito.";"FK_RAM_DIR_R_ASS (FOREIGN KEY, ENABLED); SYS_C0059269 (CHECK, ENABLED)"
"SIPAJ";"ASSUNTO";3;"DSC_ASSUNTO";"VARCHAR2";60;"N";;23;218;0;0,00221238938053097;"NO";218;"Descrição do assunto do processo";"SYS_C0059270 (CHECK, ENABLED)"
"SIPAJ";"ASSUNTO";4;"STA_ASSUNTO";"NUMBER";22;"N";0;3;2;0;0,00221238938053097;"NO";2;"Situação do assunto(ativo/inativo).";"CKC_STA_ASSUNTO_ASSUNTO (CHECK, ENABLED); SYS_C0059271 (CHECK, ENABLED)"
"SIPAJ";"BENEFICIADO";1;"SEQ_PROC_DOCUMENTO";"NUMBER";22;"N";0;5;173;0;0,000672947510094213;"NO";173;"Identificador unico de processo ou documento.";"FK_PRO_JUD_R_BEN (FOREIGN KEY, ENABLED); PK_BENEFICIADO (PRIMARY KEY, ENABLED); SYS_C00136509 (CHECK, ENABLED)"
"SIPAJ";"BENEFICIADO";2;"SEQ_PESSOA";"NUMBER";22;"N";0;6;716;0;0,00139664804469274;"NO";1;"Identificador unico de instancia de Pessoa no Cadastro.";"FK_PES_R_BEN (FOREIGN KEY, ENABLED); PK_BENEFICIADO (PRIMARY KEY, ENABLED); SYS_C00136510 (CHECK, ENABLED)"
"SIPAJ";"COMISSAO_ORGANIZADORA";1;"SEQ_PROC_DOCUMENTO";"NUMBER";22;"N";0;5;308;0;0,003236;"NO";254;"Sequence da Tabela Termo Acordo.";"FK_ORG_EVE_R_COM_ORG (FOREIGN KEY, ENABLED); PK_COMISSAO_ORGANIZADORA (PRIMARY KEY, ENABLED); SYS_C001521775 (CHECK, ENABLED)"
"SIPAJ";"COMISSAO_ORGANIZADORA";2;"SEQ_PESSOA";"NUMBER";22;"N";0;6;133;0;0,00161812297734628;"NO";133;"Identificador unico de instancia de Pessoa no Cadastro.";"FK_PES_R_COM_ORG (FOREIGN KEY, ENABLED); PK_COMISSAO_ORGANIZADORA (PRIMARY KEY, ENABLED); SYS_C001521776 (CHECK, ENABLED)"
"SIPAJ";"DADOS_EVENTO";1;"SEQ_PROC_DOCUMENTO";"NUMBER";22;"N";0;5;306;0;0,00326797385620915;"NO";1;"Sequence da Tabela Termo Acordo.";"FK_TEM_ACO_R_DAD_EVE (FOREIGN KEY, ENABLED); PK_DADOS_EVENTO (PRIMARY KEY, ENABLED); SYS_C001521767 (CHECK, ENABLED)"
"SIPAJ";"DADOS_EVENTO";2;"DSC_NOME_EVENTO";"VARCHAR2";100;"Y";;36;239;0;0,00418410041841004;"NO";1;"Descricao do nome do evento.";" (, )"
"SIPAJ";"DADOS_EVENTO";3;"DAT_INICIO_EVENTO";"DATE";7;"Y";;8;205;13;0,0048780487804878;"NO";1;"Data do inicio do evento";" (, )"
"SIPAJ";"DADOS_EVENTO";4;"DAT_FIM_EVENTO";"DATE";7;"Y";;8;206;12;0,00485436893203883;"NO";1;"Data do fim do evento";" (, )"
"SIPAJ";"DADOS_EVENTO";5;"NOM_LOGRADOURO";"VARCHAR2";100;"Y";;25;89;22;0,0112359550561798;"NO";1;"Nome do Logradouro.";" (, )"
"SIPAJ";"DADOS_EVENTO";6;"NUM_LOGRADOURO";"NUMBER";22;"Y";0;3;19;173;0,0526315789473684;"NO";1;"Numero do Logradouro.";" (, )"
"SIPAJ";"DADOS_EVENTO";7;"NOM_BARRO";"VARCHAR2";50;"Y";;4;17;229;0,0588235294117647;"NO";1;"Nome do Bairro";" (, )"
"SIPAJ";"DADOS_EVENTO";8;"NOM_COMPLEMENTO";"VARCHAR2";100;"Y";;2;7;299;0,142857142857143;"NO";1;"Nome do Complemento";" (, )"
"SIPAJ";"DADOS_EVENTO";9;"COD_MUNICIPIO";"NUMBER";22;"Y";0;3;8;8;0,00167785234899329;"NO";8;"Codigo do municipio";"FK_MUN_R_DAD_EVE (FOREIGN KEY, ENABLED)"
"SIPAJ";"DADOS_EVENTO";10;"COD_UF";"NUMBER";22;"Y";0;3;2;8;0,00167785234899329;"NO";2;"Codifo da Unidade Federacao";"FK_MUN_R_DAD_EVE (FOREIGN KEY, ENABLED)"
"SIPAJ";"DADOS_EVENTO";11;"NUM_CEP";"NUMBER";22;"Y";0;5;37;105;0,027027027027027;"NO";1;"Numero do CEP";" (, )"
"SIPAJ";"DECISAO";1;"SEQ_DECISAO";"NUMBER";22;"N";0;3;4;0;0,25;"NO";1;"Identificador unico de Tipo de decisao";"PK_DECISAO (PRIMARY KEY, ENABLED); SYS_C0059274 (CHECK, ENABLED)"
"SIPAJ";"DECISAO";2;"DSC_DECISAO";"VARCHAR2";60;"N";;27;4;0;0,25;"NO";1;"Descrição do Tipo de decisão";"SYS_C0059275 (CHECK, ENABLED)"
"SIPAJ";"DECISAO";3;"STA_DECISAO";"NUMBER";22;"N";0;3;1;0;1;"NO";1;"Situação do  Tipo de decisão (ativo/inativo).";"CKC_STA_DECISAO_DECISAO (CHECK, ENABLED); SYS_C0059276 (CHECK, ENABLED)"
"SIPAJ";"DECISAO";4;"STA_REPERCUSSAO";"NUMBER";22;"Y";0;2;1;0;1;"NO";1;"Indica se a decisão tem ou não repercussão financeira.";"CKC_STA_REPERCUSSAO_DECISAO (CHECK, ENABLED)"
"SIPAJ";"DECISAO_SISTEMA";1;"SEQ_DECISAO";"NUMBER";22;"N";0;3;1;0;0,166666666666667;"NO";1;"Identificador unico de Tipo de decisao.";"FK_DEC_R_DEC_SIS (FOREIGN KEY, ENABLED); PK_DECISAO_SISTEMA (PRIMARY KEY, ENABLED); SYS_C0059280 (CHECK, ENABLED)"
"SIPAJ";"DECISAO_SISTEMA";2;"SEQ_SISTEMA";"NUMBER";22;"N";0;4;3;0;0,333333333333333;"NO";1;"Identificador do sistema.";"FK_SIS_R_DEC_SIS (FOREIGN KEY, ENABLED); PK_DECISAO_SISTEMA (PRIMARY KEY, ENABLED); SYS_C0059281 (CHECK, ENABLED)"
"SIPAJ";"DEMANDADO";1;"SEQ_PROC_DOCUMENTO";"NUMBER";22;"N";0;5;15292;0;0,0000653936698927544;"NO";1;"Identificador unico de processo ou documento.";"FK_PRO_JUD_R_ADO (FOREIGN KEY, ENABLED); PK_DEMANDADO (PRIMARY KEY, ENABLED); SYS_C0059283 (CHECK, ENABLED)"
"SIPAJ";"DEMANDADO";2;"SEQ_CARGO_FUNCAO";"NUMBER";22;"N";0;4;86;0;0,0000322435029341588;"NO";86;"Identificador unico de instancia de Pessoa no Cadastro.";"PK_DEMANDADO (PRIMARY KEY, ENABLED); SYS_C0059284 (CHECK, ENABLED)"
"SIPAJ";"DEMANDANTE";1;"SEQ_PESSOA";"NUMBER";22;"N";0;6;17124;0;0,000058;"NO";254;"Identificador unico de instancia de Pessoa no Cadastro.";"PK_DEMANDANTE (PRIMARY KEY, ENABLED); SYS_C0059286 (CHECK, ENABLED)"
"SIPAJ";"DEMANDANTE";2;"SEQ_PROC_DOCUMENTO";"NUMBER";22;"N";0;5;15383;0;0,000064;"NO";254;"Identificador único de processo ou documento.";"FK_PRO_JUD_R_NTE (FOREIGN KEY, ENABLED); PK_DEMANDANTE (PRIMARY KEY, ENABLED); SYS_C0059287 (CHECK, ENABLED)"
"SIPAJ";"DOC_ARQUIVO";1;"SEQ_PROC_ANEXO";"NUMBER";22;"N";0;5;10;0;0,1;"NO";1;"Identificador unico de Arquivo.";"PK_DOC_ARQUIVO (PRIMARY KEY, ENABLED); SYS_C001491132 (CHECK, ENABLED)"
"SIPAJ";"DOC_ARQUIVO";2;"SEQ_PROC_DOCUMENTO";"NUMBER";22;"Y";0;5;9;0;0,05;"NO";9;"Identificador unico de processo ou documento.";" (, )"
"SIPAJ";"DOC_ARQUIVO";3;"NUM_DOC_ARQUIVO";"NUMBER";22;"N";0;7;10;0;0,1;"NO";1;"Numero unico de Arquivo. Deve ser um sequencial da propria entidade.";"SYS_C001491133 (CHECK, ENABLED)"
"SIPAJ";"DOCUMENTO";1;"SEQ_PROC_DOCUMENTO";"NUMBER";22;"N";0;5;21424;0;0,0000466766243465273;"NO";1;"Identificador único de processo ou documento.";"FK_PRO_DOC_R_DOC (FOREIGN KEY, ENABLED); PK_DOCUMENTO (PRIMARY KEY, ENABLED); SYS_C0059289 (CHECK, ENABLED)"
"SIPAJ";"DOCUMENTO";2;"SEQ_PESSOA";"NUMBER";22;"Y";0;6;5229;0;0,000181;"NO";254;"Identificador unico de instancia de Pessoa no Cadastro.";"FK_PES_R_DOC (FOREIGN KEY, ENABLED)"
"SIPAJ";"DOCUMENTO";3;"STA_DOCUMENTO";"NUMBER";22;"N";0;3;5;0;0,0000233383121732636;"NO";5;"Situação do documento.";"CKC_STA_DOCUMENTO_DOCUMENT (CHECK, ENABLED); SYS_C0059290 (CHECK, ENABLED)"
"SIPAJ";"DOCUMENTO";4;"NUM_ATO_DECLARAT_CASSACAO";"VARCHAR2";20;"Y";;2;256;21042;0,00390625;"NO";1;"Número do ato declaratório que cassou o documento.";" (, )"
"SIPAJ";"DOCUMENTO";5;"DAT_CASSACAO";"DATE";7;"Y";;1;0;21424;0;"NO";0;"Data de cassação real para a SEFAZ.";" (, )"
"SIPAJ";"DOCUMENTO";6;"DSC_OBSERVACAO_CASSACAO";"CLOB";4000;"Y";;2;0;21423;0;"NO";0;"";" (, )"
"SIPAJ";"DOCUMENTO_DECISAO";1;"SEQ_PROC_DOCUMENTO";"NUMBER";22;"N";0;0;0;0;0;"NO";0;"Identificador único de processo ou documento.";"FK_DOC_R_DOC_DEC (FOREIGN KEY, ENABLED); PK_DOCUMENTO_DECISAO (PRIMARY KEY, ENABLED); SYS_C0059293 (CHECK, ENABLED)"
"SIPAJ";"DOCUMENTO_DECISAO";2;"SEQ_DECISAO";"NUMBER";22;"N";0;0;0;0;0;"NO";0;"Identificador unico de Tipo de decisao";"FK_DEC_R_DOC_DEC (FOREIGN KEY, ENABLED); PK_DOCUMENTO_DECISAO (PRIMARY KEY, ENABLED); SYS_C0059294 (CHECK, ENABLED)"
"SIPAJ";"DOCUMENTO_DECISAO";3;"STA_JA_EXECUTADA";"NUMBER";22;"Y";0;0;0;0;0;"NO";0;"Indica se a decisão já foi executada. A decisão é executada quando uma mensagem é enviada ao gestor do sistema ao qual a decisão está vinculada.";" (, )"
"SIPAJ";"DOCUMENTO_PESSOA";1;"SEQ_PROC_DOCUMENTO";"NUMBER";22;"N";0;5;1247;0;0,000632;"NO";254;"Identificador único de processo ou documento.";"FK_DOC_R_DOC_PES (FOREIGN KEY, ENABLED); PK_DOCUMENTO_PESSOA (PRIMARY KEY, ENABLED); SYS_C0059296 (CHECK, ENABLED)"
"SIPAJ";"DOCUMENTO_PESSOA";2;"SEQ_PESSOA";"NUMBER";22;"N";0;6;8210;0;0,000121802679658953;"NO";1;"Identificador unico de instancia de Pessoa no Cadastro.";"PK_DOCUMENTO_PESSOA (PRIMARY KEY, ENABLED); SYS_C0059297 (CHECK, ENABLED)"
"SIPAJ";"EMPRESA_ZPE";1;"SEQ_PROC_DOCUMENTO";"NUMBER";22;"N";0;0;0;0;0;"NO";0;"Identificador unico de processo ou documento.";"FK_DOC_R_EMP_ZPE (FOREIGN KEY, ENABLED); PK_EMPRESA_ZPE (PRIMARY KEY, ENABLED); SYS_C001498755 (CHECK, ENABLED)"
"SIPAJ";"EMPRESA_ZPE";2;"DAT_VIGENCIA_INI";"DATE";7;"Y";;0;0;0;0;"NO";0;"Data de inicio da vigencia";" (, )"
"SIPAJ";"EMPRESA_ZPE";3;"DAT_VIGENCIA_FIM";"DATE";7;"Y";;0;0;0;0;"NO";0;"Data de fim da vigencia";" (, )"
"SIPAJ";"EXCECAO_MONITORAMENTO";1;"SEQ_EXCECAO";"NUMBER";22;"N";0;4;524;0;0,00190839694656488;"NO";1;"chave da tabela";"PK_EXCECAO_MONITORAMENTO (PRIMARY KEY, ENABLED); SYS_C001527147 (CHECK, ENABLED)"
"SIPAJ";"EXCECAO_MONITORAMENTO";2;"SEQ_USUARIO";"NUMBER";22;"N";0;6;4;0;0,25;"NO";1;"Sequencial do usuario";"FK_USU_R_EXCE_MONIT (FOREIGN KEY, ENABLED); SYS_C001527148 (CHECK, ENABLED)"
"SIPAJ";"EXCECAO_MONITORAMENTO";3;"TIP_EXCECAO";"NUMBER";22;"N";0;3;2;0;0,000954198473282443;"NO";2;"TIPO EXCECAO 1-REGRA, 2-NUMERO TERMO";"SYS_C001527149 (CHECK, ENABLED)"
"SIPAJ";"EXCECAO_MONITORAMENTO";4;"DSC_JUSTIFICATIVA";"VARCHAR2";255;"N";;45;15;0;0,0666666666666667;"NO";1;"JUSTIFICATIVA DA EXCECAO";"SYS_C001527150 (CHECK, ENABLED)"
"SIPAJ";"EXCECAO_MONITORAMENTO";5;"DAT_INICIO";"DATE";7;"N";;8;12;0;0,000954198473282443;"NO";12;"DATA INICIAL DA EXCECAO";"SYS_C001527151 (CHECK, ENABLED)"
"SIPAJ";"EXCECAO_MONITORAMENTO";6;"DAT_FIM";"DATE";7;"Y";;2;9;510;0,0357142857142857;"NO";9;"DATA FIM DA EXCECAO";" (, )"
"SIPAJ";"EXCECAO_MONITORAMENTO";7;"TXT_VALOR";"VARCHAR2";50;"N";;9;18;0;0,000954198473282443;"NO";18;"VALOR DO TIPO EXCECAO";"SYS_C001527152 (CHECK, ENABLED)"
"SIPAJ";"EXCECAO_MONITORAMENTO";8;"DAT_CADASTRO";"DATE";7;"N";;8;21;0;0,0476190476190476;"NO";1;"Data do cadastro";"SYS_C001527153 (CHECK, ENABLED)"
"SIPAJ";"EXCECAO_MONITORAMENTO";9;"SEQ_TERMO_TIPO";"NUMBER";22;"Y";0;3;58;15;0,000982318271119843;"NO";58;"Tipo de termo para incluir na exceção, se null então todos os tipos serão validos";" (, )"
"SIPAJ";"HIST_TERMO_ACORDO";1;"SEQ_HIST_TERMO_ACORDO";"NUMBER";22;"Y";0;5;54090;0;0,0000184877056757256;"NO";1;"Identificador unico do historico do termo de acordo.";" (, )"
"SIPAJ";"HIST_TERMO_ACORDO";2;"SEQ_PROC_DOCUMENTO";"NUMBER";22;"Y";0;5;5354;0;0,000183;"NO";254;"Identificador unico de processo ou documento.";"FK_TER_ACO_R_HIST_TERM (FOREIGN KEY, ENABLED)"
"SIPAJ";"HIST_TERMO_ACORDO";3;"SEQ_USUARIO";"NUMBER";22;"Y";0;6;29;2713;0,00000973198123674018;"NO";29;"Sequencial do usuario";"FK_USU_R_HIST_TERM (FOREIGN KEY, ENABLED)"
"SIPAJ";"HIST_TERMO_ACORDO";4;"DAT_INCLUSAO";"DATE";7;"N";;8;52196;0;0,000019;"NO";254;"Data de inclusao da alteracao no sistema.";"SYS_C001526140 (CHECK, ENABLED)"
"SIPAJ";"HIST_TERMO_ACORDO";5;"STA_DOCUMENTO";"NUMBER";22;"N";0;3;4;0;0,00000924385283786282;"NO";4;"Situacao do documento.";"SYS_C001526141 (CHECK, ENABLED)"
"SIPAJ";"HIST_TERMO_ACORDO";6;"NOM_USUARIO";"VARCHAR2";255;"Y";;3;9;52171;0,111111111111111;"NO";1;"Nome usuario alteracao.";" (, )"
"SIPAJ";"HIST_TERMO_ACORDO";7;"DSC_MENSAGEM";"VARCHAR2";500;"N";;50;4640;0;0,000065;"NO";254;"Mensagem de alteracao do termo de acordo.";"SYS_C001526142 (CHECK, ENABLED)"
"SIPAJ";"HIST_TERMO_ACORDO";8;"STA_MONITORADO";"NUMBER";22;"Y";0;2;1;52484;1;"NO";1;"STATUS DO HISTORICO. 1-ATIVO E 2-SUSPENSO.";" (, )"
"SIPAJ";"HIST_TERMO_ACORDO";9;"SEQ_USUARIO_SUSP";"NUMBER";22;"Y";0;2;5;53572;0,2;"NO";1;"Sequencial do usuario que suspendeu o historico";"FK_USU_R_HIST_TERM_SUSP (FOREIGN KEY, ENABLED)"
"SIPAJ";"HIST_TERMO_ACORDO";10;"DAT_SUSPENSAO";"DATE";7;"Y";;2;518;53572;0,00193050193050193;"NO";1;"DATA DA SUSPENSAO DO HISTORICO";" (, )"
"SIPAJ";"HIST_TERMO_ACORDO";11;"DSC_MOTIVO_SUSPENSAO";"VARCHAR2";1024;"Y";;3;276;53572;0,0036231884057971;"NO";1;"MOTIVO DA SUSPENSAO DO HISTORICO";" (, )"
"SIPAJ";"HIST_TERMO_ACORDO";12;"STA_HISTORICO";"NUMBER";22;"Y";0;3;2;0;0,00000924385283786282;"NO";2;"STATUS DO HISTÓRICO. 1-ATIVO E 2-SUSPENSO.";" (, )"
"SIPAJ";"INFORMACAO_FISCAL";1;"SEQ_PROC_DOCUMENTO";"NUMBER";22;"N";0;5;6177;0;0,000161890885543144;"NO";1;"Identificador unico de informacao fiscal.";"FK_DOC_R_INF_FIS (FOREIGN KEY, ENABLED); PK_INFORMACAO_FISCAL (PRIMARY KEY, ENABLED); SYS_C00445960 (CHECK, ENABLED)"
"SIPAJ";"INFORMACAO_FISCAL";2;"SEQ_INF_FISCAL_TIPO";"NUMBER";22;"N";0;3;4;0;0,000080945442771572;"NO";4;"Identificacao do Tipo de Informacao Fiscal.";"FK_INF_TIP_R_INF_FIS (FOREIGN KEY, ENABLED); SYS_C00445961 (CHECK, ENABLED)"
"SIPAJ";"INFORMACAO_FISCAL";3;"STA_INF_FISCAL";"NUMBER";22;"N";0;3;3;0;0,000080945442771572;"NO";3;"Status da informacao fiscal.";"CKC_STA_INF_FISCAL (CHECK, ENABLED); SYS_C00445962 (CHECK, ENABLED)"
"SIPAJ";"INFORMACAO_FISCAL";4;"NUM_SPU";"VARCHAR2";20;"Y";;13;4824;520;0,000206;"NO";254;"Numero do SPU (Sistema de Protocolo Unico do Estado)";" (, )"
"SIPAJ";"INFORMACAO_FISCAL";5;"DAT_APURACAO";"DATE";7;"Y";;6;230;2537;0,000137362637362637;"NO";230;"Periodo de apuracao da Informacao Fiscal (mes/ano).";" (, )"
"SIPAJ";"INFORMACAO_FISCAL";6;"VLR_ESPECIE";"NUMBER";22;"Y";2;2;1;2589;1;"NO";1;"Valor em especie.";" (, )"
"SIPAJ";"INFORMACAO_FISCAL";7;"VLR_TRANS_TERCEIRO";"NUMBER";22;"Y";2;2;1;2588;1;"NO";1;"Valor referente a transferencia para terceiros.";" (, )"
"SIPAJ";"INFORMACAO_FISCAL";8;"VLR_CONTA_GRAFICA";"NUMBER";22;"Y";2;4;3537;488;0,000221;"NO";254;"Valor referente a conta grafica.";" (, )"
"SIPAJ";"INFORMACAO_FISCAL";9;"VLR_SALDO_CONTA_GRAFICA";"NUMBER";22;"Y";2;3;545;2511;0,000601;"NO";254;"Saldo da Conta Grafica calculado e atualizado pelo SITRAM.";" (, )"
"SIPAJ";"INFORMACAO_FISCAL";10;"VLR_TOTAL_APURACAO";"NUMBER";22;"Y";2;4;3523;2537;0,000283848992336077;"NO";1;"Total da apuracao";" (, )"
"SIPAJ";"INFORMACAO_FISCAL";11;"DAT_HOMOLOGACAO";"DATE";7;"Y";;6;3494;2561;0,000285;"NO";254;"Data que a informacao fiscal foi homologada.";" (, )"
"SIPAJ";"INFORMACAO_FISCAL";12;"VLR_OPR_INTERESTADUAL";"NUMBER";22;"Y";2;2;242;3964;0,000225937641211026;"NO";242;"";" (, )"
"SIPAJ";"INFORMACAO_FISCAL";13;"VLR_SALDO_OPR_INTERESTADUAL";"NUMBER";22;"Y";2;2;275;3964;0,000843;"NO";254;"Valor do saldo de operacao interestadual calculado e atualizado pelo SITRAM";" (, )"
"SIPAJ";"INFORMACAO_FISCAL";14;"VLR_APURACAO";"NUMBER";22;"Y";2;2;243;3835;0,00411522633744856;"NO";1;"VALOR DA APURACAO.";" (, )"
"SIPAJ";"INFORMACAO_FISCAL_BENEF";1;"SEQ_INF_FISCAL_BENEF";"NUMBER";22;"N";0;4;4825;0;0,000207253886010363;"NO";1;"Identificador unico de INFORMACAO_FISCAL_BENEF.";"PK_INFORMACAO_FISCAL_BENEF (PRIMARY KEY, ENABLED); SYS_C00445971 (CHECK, ENABLED)"
"SIPAJ";"INFORMACAO_FISCAL_BENEF";2;"SEQ_PROC_DOCUMENTO";"NUMBER";22;"N";0;5;2495;0;0,000393;"NO";254;"Identificador unico de informacao fiscal.";"FK_INF_FIS_R_INF_BEN (FOREIGN KEY, ENABLED); SYS_C00445972 (CHECK, ENABLED)"
"SIPAJ";"INFORMACAO_FISCAL_BENEF";3;"SEQ_PESSOA";"NUMBER";22;"N";0;6;1646;0;0,000474;"NO";254;"Identificador unico de instancia de Pessoa no Cadastro.";"FK_PES_R_INF_BEN (FOREIGN KEY, ENABLED); SYS_C00445973 (CHECK, ENABLED)"
"SIPAJ";"INFORMACAO_FISCAL_BENEF";4;"VLR_CREDITO";"NUMBER";22;"N";2;4;328;0;0,00304878048780488;"NO";1;"Valor que a pessoa tem como credito.";"SYS_C00445974 (CHECK, ENABLED)"
"SIPAJ";"INFORMACAO_FISCAL_BENEF";5;"NUM_CHAVE_ACESSO";"VARCHAR2";44;"Y";;45;2516;0;0,000397456279809221;"NO";1;"NUMERO DA CHAVE DE ACESSO.";" (, )"
"SIPAJ";"INFORMACAO_FISCAL_EVENTO";1;"SEQ_INF_FISCAL_EVENTO";"NUMBER";22;"N";0;4;9671;0;0,000103401923275773;"NO";1;"Identificador unico.";"PK_INFORMACAO_FISCAL_EVENTO (PRIMARY KEY, ENABLED); SYS_C00445979 (CHECK, ENABLED)"
"SIPAJ";"INFORMACAO_FISCAL_EVENTO";2;"SEQ_PROC_DOCUMENTO";"NUMBER";22;"N";0;5;6067;0;0,000164826108455579;"NO";1;"Identificador unico de informacao fiscal.";"FK_INF_FIS_R_INF_EVE (FOREIGN KEY, ENABLED); SYS_C00445980 (CHECK, ENABLED)"
"SIPAJ";"INFORMACAO_FISCAL_EVENTO";3;"SEQ_USUARIO";"NUMBER";22;"N";0;6;17;0;0,0000517009616378865;"NO";17;"Sequencial do usuario";"FK_USU_R_INF_EVE (FOREIGN KEY, ENABLED); SYS_C00445981 (CHECK, ENABLED)"
"SIPAJ";"INFORMACAO_FISCAL_EVENTO";4;"COD_ORGAO_LOCAL";"NUMBER";22;"Y";0;6;9;311;0,111111111111111;"NO";1;"CODIGO DO ORGAO LOCAL";"FK_ORG_R_INF_EVE (FOREIGN KEY, ENABLED)"
"SIPAJ";"INFORMACAO_FISCAL_EVENTO";5;"DAT_EVENTO";"DATE";7;"N";;8;9407;0;0,000106303816307005;"NO";1;"Data de criacao do evento";"SYS_C00445983 (CHECK, ENABLED)"
"SIPAJ";"INFORMACAO_FISCAL_EVENTO";6;"TXT_EVENTO";"VARCHAR2";512;"N";;36;3745;0;0,000267022696929239;"NO";1;"Texto explicativo do evento";"SYS_C00445984 (CHECK, ENABLED)"
"SIPAJ";"INFORMACAO_FISCAL_EVENTO";7;"STA_INF_FISCAL";"NUMBER";22;"N";0;3;3;0;0,333333333333333;"NO";1;"Situacao em que ficou a Informacao Fiscal apos a alteracao do usuario";"SYS_C00445985 (CHECK, ENABLED)"
"SIPAJ";"INFORMACAO_FISCAL_TIPO";1;"SEQ_INF_FISCAL_TIPO";"NUMBER";22;"N";0;3;5;0;0,2;"NO";1;"Identificacao do Tipo de Informacao Fiscal.";"PK_INFORMACAO_FISCAL_TIPO (PRIMARY KEY, ENABLED); SYS_C00445956 (CHECK, ENABLED)"
"SIPAJ";"INFORMACAO_FISCAL_TIPO";2;"DSC_INF_FISCAL_TIPO";"VARCHAR2";70;"N";;19;5;0;0,2;"NO";1;"Descricao do Tipo de Informacao Fiscal.";"SYS_C00445957 (CHECK, ENABLED)"
"SIPAJ";"INFORMACAO_FISCAL_TIPO";3;"STA_INF_FISCAL_TIPO";"NUMBER";22;"Y";0;3;1;0;0,1;"NO";1;"Status de ativo do Tipo de Informacao Fiscal.";"CKC_STA_INF_FISCAL_TI_INFORMAC (CHECK, ENABLED)"
"SIPAJ";"INTERESSADO_PESSOA";1;"SEQ_PESSOA";"NUMBER";22;"N";0;6;3454;0;0,000245;"NO";254;"Identificador unico de instancia de Pessoa no Cadastro.";"PK_INTERESSADO_PESSOA (PRIMARY KEY, ENABLED); SYS_C0059299 (CHECK, ENABLED)"
"SIPAJ";"INTERESSADO_PESSOA";2;"SEQ_PROC_DOCUMENTO";"NUMBER";22;"N";0;5;6418;0;0,00015581177937052;"NO";1;"Identificador unico de processo ou documento.";"FK_PRO_ADM_R_INT_PES (FOREIGN KEY, ENABLED); PK_INTERESSADO_PESSOA (PRIMARY KEY, ENABLED); SYS_C0059300 (CHECK, ENABLED)"
"SIPAJ";"INTERESSADO_SERVIDOR";1;"SEQ_PROC_DOCUMENTO";"NUMBER";22;"N";0;5;2397;0;0,000416;"NO";254;"Identificador unico de processo ou documento.";"FK_PRO_ADM_R_INT_SER (FOREIGN KEY, ENABLED); PK_INTERESSADO_SERVIDOR (PRIMARY KEY, ENABLED); SYS_C0059302 (CHECK, ENABLED)"
"SIPAJ";"INTERESSADO_SERVIDOR";2;"SEQ_USUARIO";"NUMBER";22;"N";0;6;1327;0;0,000753579502637528;"NO";1;"Sequencial do usuario";"FK_SET_R_INT_SER (FOREIGN KEY, ENABLED); PK_INTERESSADO_SERVIDOR (PRIMARY KEY, ENABLED); SYS_C0059303 (CHECK, ENABLED)"
"SIPAJ";"INTERESSADO_SETOR";1;"SEQ_PROC_DOCUMENTO";"NUMBER";22;"N";0;5;4036;0;0,000247770069375619;"NO";1;"Identificador unico de processo ou documento.";"FK_PRO_ADM_R_INT_SET (FOREIGN KEY, ENABLED); PK_INTERESSADO_SETOR (PRIMARY KEY, ENABLED); SYS_C0059305 (CHECK, ENABLED)"
"SIPAJ";"INTERESSADO_SETOR";2;"COD_ORGAO_LOCAL";"NUMBER";22;"N";0;6;143;0;0,000115207373271889;"NO";143;"CODIGO DO ORGAO LOCAL";"FK_SET_R_INT_SET (FOREIGN KEY, ENABLED); PK_INTERESSADO_SETOR (PRIMARY KEY, ENABLED); SYS_C0059306 (CHECK, ENABLED)"
"SIPAJ";"JUSTIFICATIVA_ANEXO";1;"SEQ_JUST_ANEXO";"NUMBER";22;"N";0;4;6000;0;0,000166666666666667;"NO";1;"CHAVE PRIMARIA DA TABELA";"PK_JUSTIFICATIVA_ANEXO (PRIMARY KEY, ENABLED); SYS_C001527141 (CHECK, ENABLED)"
"SIPAJ";"JUSTIFICATIVA_ANEXO";2;"SEQ_JUSTIFICATIVA";"NUMBER";22;"N";0;4;5415;0;0,000184672206832872;"NO";1;"CHAVE PRIMARIA DA TABELA";"FK_JUST_PEND_R_JUST_ANEXO (FOREIGN KEY, ENABLED); SYS_C001527142 (CHECK, ENABLED)"
"SIPAJ";"JUSTIFICATIVA_ANEXO";3;"NOM_ARQUIVO";"VARCHAR2";255;"N";;39;4321;0;0,000231427910205971;"NO";1;"NOME DO ARQUIVO";"SYS_C001527143 (CHECK, ENABLED)"
"SIPAJ";"JUSTIFICATIVA_ANEXO";4;"BIN_ARQUIV0";"BLOB";4000;"N";;184;0;0;0;"NO";0;"BYTES DO ARQUIVO";"SYS_C001527144 (CHECK, ENABLED)"
"SIPAJ";"JUSTIFICATIVA_PENDENCIA";1;"SEQ_JUSTIFICATIVA";"NUMBER";22;"N";0;4;5448;0;0,000183553597650514;"NO";1;"CHAVE PRIMARIA DA TABELA";"PK_JUSTIFICATIVA_PENDENCIA (PRIMARY KEY, ENABLED); SYS_C001527133 (CHECK, ENABLED)"
"SIPAJ";"JUSTIFICATIVA_PENDENCIA";2;"SEQ_USUARIO";"NUMBER";22;"Y";0;4;8;2199;0,00015389350569406;"NO";8;"Sequencial do usuario";"FK_USU_R_JUST_PEND (FOREIGN KEY, ENABLED)"
"SIPAJ";"JUSTIFICATIVA_PENDENCIA";3;"DSC_JUSTIFICATIVA";"VARCHAR2";1024;"N";;91;3469;0;0,000288267512251369;"NO";1;"DESCRICAO DA JUSTIFICATIVA";"SYS_C001527134 (CHECK, ENABLED)"
"SIPAJ";"JUSTIFICATIVA_PENDENCIA";4;"DAT_CRIACAO";"DATE";7;"N";;8;1563;0;0,000617;"NO";254;"DATA DA CRIACAO";"SYS_C001527135 (CHECK, ENABLED)"
"SIPAJ";"JUSTIFICATIVA_PENDENCIA";5;"NUM_CPF_CNPJ_CRIACAO";"VARCHAR2";14;"Y";;13;1052;0;0,00085;"NO";254;"NUMERO DO CPF OU CNPJ DE QUEM CRIOU";" (, )"
"SIPAJ";"JUSTIFICATIVA_PENDENCIA";6;"NOM_CPF_CNPJ_CRIACAO";"VARCHAR2";255;"N";;28;1070;0;0,000844;"NO";254;"NOME DO CPF OU RAZAO SOCIAL QUE CRIOU A JUSTIFICATIVA";"SYS_C001527136 (CHECK, ENABLED)"
"SIPAJ";"JUSTIFICATIVA_PENDENCIA";7;"TIP_USUARIO";"NUMBER";22;"N";0;3;2;0;0,5;"NO";1;"TIPO DE USUARIO: 1- SOCIO E 2- CONTADOR";"SYS_C001527137 (CHECK, ENABLED)"
"SIPAJ";"JUSTIFICATIVA_PENDENCIA";8;"SIT_JUSTIFICATIVA";"NUMBER";22;"Y";0;3;3;0;0,000091776798825257;"NO";3;"SITUACAO DA JUSTIFICATVA: 1- ABERTA, 2 - ACEITA E 3 - NEGADA";" (, )"
"SIPAJ";"JUSTIFICATIVA_PENDENCIA";9;"DAT_ANALISE";"DATE";7;"Y";;6;3248;2199;0,000307881773399015;"NO";1;"DATA DE FOI FEITO ANALISE DA JUSTIFICATIVA";" (, )"
"SIPAJ";"JUSTIFICATIVA_PENDENCIA";10;"DSC_OBS_ANALISE";"VARCHAR2";1024;"Y";;49;349;2199;0,00286532951289398;"NO";1;"OBSERVACAO DA ANALISE DA JUSTIFICATIVA";" (, )"
"SIPAJ";"ORGANIZADORA_EVENTO";1;"SEQ_PROC_DOCUMENTO";"NUMBER";22;"N";0;5;299;0;0,00334448160535117;"NO";1;"Sequence da Tabela Termo Acordo.";"FK_DAD_EVE_R_ORG_EVE (FOREIGN KEY, ENABLED); PK_ORGANIZADORA_EVENTO (PRIMARY KEY, ENABLED); SYS_C001521771 (CHECK, ENABLED)"
"SIPAJ";"ORGANIZADORA_EVENTO";2;"SEQ_PESSOA";"NUMBER";22;"Y";0;6;118;0;0,00847457627118644;"NO";1;"Identificador unico de instancia de Pessoa no Cadastro.";"FK_PES_R_ORG_EVE (FOREIGN KEY, ENABLED)"
"SIPAJ";"PARAMETRO";1;"SEQ_PARAMETRO";"NUMBER";22;"N";0;3;21;0;0,0476190476190476;"NO";1;"Chave Primária da tabela PARAMETRO";"PK_PARAMETRO (PRIMARY KEY, ENABLED); SYS_C0059308 (CHECK, ENABLED)"
"SIPAJ";"PARAMETRO";2;"COD_PARAMETRO";"VARCHAR2";20;"N";;18;21;0;0,0476190476190476;"NO";1;"Código do Parâmetro";"SYS_C0059309 (CHECK, ENABLED)"
"SIPAJ";"PARAMETRO";3;"DSC_PARAMETRO";"VARCHAR2";60;"Y";;32;21;0;0,0476190476190476;"NO";1;"Descrição do Parâmetro";" (, )"
"SIPAJ";"PARAMETRO";4;"TIP_PARAMETRO";"NUMBER";22;"Y";0;3;4;0;0,0238095238095238;"NO";4;"Tipo do Parametro";" (, )"
"SIPAJ";"PARAMETRO";5;"VLR_PARAMETRO";"VARCHAR2";255;"Y";;13;18;0;0,0555555555555556;"NO";1;"Valor do Parâmetro";" (, )"
"SIPAJ";"PARAMETRO";6;"STA_SOMENTE_LEITURA";"NUMBER";22;"Y";0;2;1;0;1;"NO";1;"Campo que identifica se a tupla é ou não read-only.";" (, )"
"SIPAJ";"PARECER";1;"SEQ_PROC_DOCUMENTO";"NUMBER";22;"N";0;0;0;0;0;"NO";0;"Identificador único de processo ou documento.";"FK_DOC_R_PAR (FOREIGN KEY, ENABLED); PK_PARECER (PRIMARY KEY, ENABLED); SYS_C0059311 (CHECK, ENABLED)"
"SIPAJ";"PARECER";2;"SEQ_PARECER_TIPO";"NUMBER";22;"N";0;0;0;0;0;"NO";0;"Identificação do Tipo de Parecer.";"FK_PAR_TIP_R_PAR (FOREIGN KEY, ENABLED); SYS_C0059312 (CHECK, ENABLED)"
"SIPAJ";"PARECER";3;"DAT_PARECER";"DATE";7;"N";;0;0;0;0;"NO";0;"Data em que o parece comecou a valer na SEFAZ.";"SYS_C0059313 (CHECK, ENABLED)"
"SIPAJ";"PARECER_TIPO";1;"SEQ_PARECER_TIPO";"NUMBER";22;"N";0;0;0;0;0;"NO";0;"Identificação do Tipo de Parecer.";"PK_PARECER_TIPO (PRIMARY KEY, ENABLED); SYS_C0059315 (CHECK, ENABLED)"
"SIPAJ";"PARECER_TIPO";2;"DSC_PARECER_TIPO";"VARCHAR2";60;"Y";;0;0;0;0;"NO";0;"Descricao do Tipo de Parecer.";" (, )"
"SIPAJ";"PARECER_TIPO";3;"STA_PARECER_TIPO";"NUMBER";22;"Y";0;0;0;0;0;"NO";0;"Status de ativo do Tipo de Parecer.";"CKC_STA_PARECER_TIPO_PARECER_ (CHECK, ENABLED)"
"SIPAJ";"PARECER_TIPO";4;"NUM_PARECER_TIPO";"NUMBER";22;"N";0;0;0;0;0;"NO";0;"Codigo do Tipo de Parecer";"SYS_C0059316 (CHECK, ENABLED)"
"SIPAJ";"PENDENC_TERMO_ACORDO";1;"SEQ_PROC_DOCUMENTO";"NUMBER";22;"Y";0;5;1427;0;0,000688;"NO";254;"Identificador unico de processo ou documento.";"FK_TER_ACO_R_PEND_TERM (FOREIGN KEY, ENABLED)"
"SIPAJ";"PENDENC_TERMO_ACORDO";2;"SEQ_USUARIO";"NUMBER";22;"Y";0;6;1;0;1;"NO";1;"Sequencial do usuario";"FK_USU_R_PEND_TERM (FOREIGN KEY, ENABLED)"
"SIPAJ";"PENDENC_TERMO_ACORDO";3;"DAT_SURGIMENTO";"DATE";7;"Y";;8;27672;0;0,000036;"NO";254;"Data de surgimento da pendencia no sistema.";" (, )"
"SIPAJ";"PENDENC_TERMO_ACORDO";4;"DAT_VERIFICACAO_INI";"DATE";7;"Y";;1;0;29660;0;"NO";0;"Data de inicio de vigencia da pendencia.";" (, )"
"SIPAJ";"PENDENC_TERMO_ACORDO";5;"DAT_VERIFICACAO_FIM";"DATE";7;"Y";;1;0;29660;0;"NO";0;"Data de fim de vigencia da pendencia.";" (, )"
"SIPAJ";"PENDENC_TERMO_ACORDO";6;"STA_PENDENCIA";"NUMBER";22;"Y";0;3;5;0;0,0000168577208361429;"NO";5;"Status da pendencia";" (, )"
"SIPAJ";"PENDENC_TERMO_ACORDO";7;"NOM_USUARIO";"VARCHAR2";255;"Y";;2;1;29447;1;"NO";1;"Nome usuario criacao.";" (, )"
"SIPAJ";"PENDENC_TERMO_ACORDO";8;"DSC_MENSAGEM";"VARCHAR2";500;"Y";;87;16;0;0,0625;"NO";1;"Mensagem de pendencia do termo de acordo.";" (, )"
"SIPAJ";"PENDENC_TERMO_ACORDO";9;"STA_ATIVO";"NUMBER";22;"Y";0;3;1;0;0,0000167815569688122;"NO";1;"Status que define se pendencia";" (, )"
"SIPAJ";"PENDENC_TERMO_ACORDO";10;"NOM_REGRA";"VARCHAR2";255;"Y";;9;15;0;0,0000168577208361429;"NO";15;"Nome da regra";" (, )"
"SIPAJ";"PENDENC_TERMO_ACORDO";11;"DAT_REGULARIZACAO";"DATE";7;"Y";;8;1711;171;0,000462;"NO";254;"Data para regularizacao";" (, )"
"SIPAJ";"PENDENC_TERMO_ACORDO";12;"DAT_SUSPENSAO";"DATE";7;"Y";;2;14;29462;0,0714285714285714;"NO";1;"Data da suspensao";" (, )"
"SIPAJ";"PENDENC_TERMO_ACORDO";13;"DSC_MENSAGEM_SUSPENSAO";"VARCHAR2";255;"Y";;2;31;29470;0,032258064516129;"NO";1;"Messagem suspensao";" (, )"
"SIPAJ";"PENDENC_TERMO_ACORDO";14;"DSC_MENSAGEM_PENDENCIA";"VARCHAR2";255;"Y";;87;32;0;0,03125;"NO";1;"Messagem da pendecia";" (, )"
"SIPAJ";"PENDENC_TERMO_ACORDO";15;"DSC_MENSAGEM_CONTRIBUINTE";"VARCHAR2";255;"Y";;0;0;29660;0;"NO";0;"Messagem para o contribuinte";" (, )"
"SIPAJ";"PENDENC_TERMO_ACORDO";16;"DSC_ORIGEM";"VARCHAR2";255;"Y";;7;8;0;0,125;"NO";1;"Origem do dado da pedencia";" (, )"
"SIPAJ";"PENDENC_TERMO_ACORDO";17;"DSC_DETALHE";"VARCHAR2";4000;"Y";;141;18858;5381;0,0000530278926715452;"NO";1;"Maiores informacoes";" (, )"
"SIPAJ";"PENDENC_TERMO_ACORDO";18;"SEQ_PENDENC_TERMO_ACORDO";"NUMBER";22;"Y";0;5;29660;0;0,0000337154416722859;"NO";1;"Identificador unico da pendencia do termo de acordo.";" (, )"
"SIPAJ";"PENDENC_TERMO_ACORDO";19;"DAT_RESOLUCAO";"DATE";7;"Y";;8;25302;3487;0,0000395225673859774;"NO";1;"Data em que a pendencia foi resolvida.";" (, )"
"SIPAJ";"PENDENC_TERMO_ACORDO";20;"SEQ_JUSTIFICATIVA";"NUMBER";22;"Y";0;2;5205;24231;0,000192122958693564;"NO";1;"CHAVE PRIMARIA DA TABELA";"FK_JUST_PEND_R_PEND_TERM (FOREIGN KEY, ENABLED)"
"SIPAJ";"PENDENC_TERMO_ACORDO";21;"COD_IDENTIFICADOR_UNICO_DAE";"NUMBER";22;"Y";0;2;1510;28148;0,000662251655629139;"NO";1;"CODIGO DO IDENTIFICADOR UNICO DO DAE";" (, )"
"SIPAJ";"PORTARIA";1;"SEQ_PROC_DOCUMENTO";"NUMBER";22;"N";0;5;393;0;0,00254452926208651;"NO";1;"Identificador unico de processo ou documento.";"FK_PRO_DOC_R_POR (FOREIGN KEY, ENABLED); PK_PORTARIA (PRIMARY KEY, ENABLED); SYS_C0059319 (CHECK, ENABLED)"
"SIPAJ";"PORTARIA";2;"SEQ_PROC_DOCUMENTO_ORIGEM";"NUMBER";22;"Y";0;3;70;250;0,0034965034965035;"NO";70;"Identificador unico de processo ou documento. Portaria de origem.";"FK_POR_R_POR (FOREIGN KEY, ENABLED)"
"SIPAJ";"PORTARIA";3;"SEQ_PORTARIA_TIPO";"NUMBER";22;"N";0;3;2;0;0,00127226463104326;"NO";2;"Identificacao do Tipo de Portaria.";"FK_POR_TIP_R_POR (FOREIGN KEY, ENABLED); SYS_C0059320 (CHECK, ENABLED)"
"SIPAJ";"PORTARIA";4;"DAT_VALIDADE_INI";"DATE";7;"N";;8;290;0;0,003162;"NO";254;"Data de inicio da validade da portaria.";"SYS_C0059321 (CHECK, ENABLED)"
"SIPAJ";"PORTARIA";5;"DAT_VALIDADE_FIM";"DATE";7;"Y";;2;3;390;0,333333333333333;"NO";1;"Data de fim da validade da portaria.";" (, )"
"SIPAJ";"PORTARIA";6;"NUM_CI";"VARCHAR2";20;"Y";;4;77;307;0,012987012987013;"NO";1;"Numero da CI.";" (, )"
"SIPAJ";"PORTARIA_CONTRIBUINTE";1;"SEQ_PROC_DOCUMENTO";"NUMBER";22;"N";0;5;383;0;0,000988;"NO";254;"Identificador unico de processo ou documento.";"FK_POR_R_POR_CON (FOREIGN KEY, ENABLED); PK_PORTARIA_CONTRIBUINTE (PRIMARY KEY, ENABLED); SYS_C0059323 (CHECK, ENABLED)"
"SIPAJ";"PORTARIA_CONTRIBUINTE";2;"SEQ_CONTRIBUINTE";"NUMBER";22;"N";0;5;3606;0;0,000277315585135885;"NO";1;"Identificador unico da portaria.";"FK_CON_R_POR_CON (FOREIGN KEY, ENABLED); PK_PORTARIA_CONTRIBUINTE (PRIMARY KEY, ENABLED); SYS_C0059324 (CHECK, ENABLED)"
"SIPAJ";"PORTARIA_TIPO";1;"SEQ_PORTARIA_TIPO";"NUMBER";22;"N";0;3;2;0;0,5;"NO";1;"Identificacao do Tipo de Portaria.";"PK_PORTARIA_TIPO (PRIMARY KEY, ENABLED); SYS_C0059326 (CHECK, ENABLED)"
"SIPAJ";"PORTARIA_TIPO";2;"DSC_PORTARIA_TIPO";"VARCHAR2";70;"N";;43;2;0;0,5;"NO";1;"Descricao do tipo da portaria.";"SYS_C0059327 (CHECK, ENABLED)"
"SIPAJ";"PORTARIA_TIPO";3;"STA_PORTARIA_TIPO";"NUMBER";22;"Y";0;3;1;0;0,25;"NO";1;"Status de ativo do Tipo da Portaria.";"CKC_STA_PORTARIA_TIPO_PORTARIA (CHECK, ENABLED)"
"SIPAJ";"PROC_ANEXO";1;"SEQ_PROC_ANEXO";"NUMBER";22;"N";0;5;76708;0;0,0000130364499139594;"NO";1;"Identificador único do documento. ";"PK_PROC_ANEXO (PRIMARY KEY, ENABLED); SYS_C001507806 (CHECK, ENABLED)"
"SIPAJ";"PROC_ANEXO";2;"SEQ_USUARIO";"NUMBER";22;"Y";0;6;41;0;0,00000651822495697972;"NO";41;"Autor do documento.";"FK_USU_R_PROC_DOC (FOREIGN KEY, ENABLED)"
"SIPAJ";"PROC_ANEXO";3;"DAT_PROC_ANEXO";"DATE";7;"N";;8;3589;0;0,000278629144608526;"NO";1;"Data de confeccao (inclusao) do documento.";"SYS_C001507807 (CHECK, ENABLED)"
"SIPAJ";"PROC_ANEXO";4;"TXT_PROC_ANEXO";"CLOB";4000;"Y";;3;0;76568;0;"NO";0;"";" (, )"
"SIPAJ";"PROC_ANEXO";5;"BIN_PROC_ANEXO";"BLOB";4000;"Y";;180;0;0;0;"NO";0;"Arquivo com o conteudo do documento.";" (, )"
"SIPAJ";"PROC_ANEXO";6;"TXT_NOME_ARQUIVO";"VARCHAR2";255;"Y";;58;74512;0;0,0000134206570753704;"NO";1;"Nome do arquivo anexo.";" (, )"
"SIPAJ";"PROC_ANEXO_TMP";1;"SEQ_PROC_ANEXO";"NUMBER";22;"N";0;5;24048;0;0,000041583499667332;"NO";1;"Identificador único do documento. ";"PK_PROC_ANEXO_ANT (PRIMARY KEY, ENABLED); SYS_C0059346 (CHECK, ENABLED)"
"SIPAJ";"PROC_ANEXO_TMP";2;"SEQ_USUARIO";"NUMBER";22;"Y";0;6;30;0;0,000020791749833666;"NO";30;"Autor do documento.";"FK_USU_R_PROC_DOC_ANT (FOREIGN KEY, ENABLED)"
"SIPAJ";"PROC_ANEXO_TMP";3;"DAT_PROC_ANEXO";"DATE";7;"N";;8;1673;0;0,000597728631201435;"NO";1;"Data de confeccao (inclusao) do documento.";"SYS_C0059347 (CHECK, ENABLED)"
"SIPAJ";"PROC_ANEXO_TMP";4;"TXT_PROC_ANEXO";"CLOB";4000;"Y";;3;0;23908;0;"NO";0;"";" (, )"
"SIPAJ";"PROC_ANEXO_TMP";5;"BIN_PROC_ANEXO";"BLOB";4000;"Y";;177;0;0;0;"NO";0;"Arquivo com o conteudo do documento.";" (, )"
"SIPAJ";"PROC_ANEXO_TMP";6;"TXT_NOME_ARQUIVO";"VARCHAR2";255;"Y";;47;22938;0;0,0000435957799285029;"NO";1;"Nome do arquivo anexo.";" (, )"
"SIPAJ";"PROC_DESPACHO";1;"SEQ_PROC_ANEXO";"NUMBER";22;"N";0;5;5055;0;0,00019782393669634;"NO";1;"Identificador único de Despacho.";"FK_PRO_ANE_R_PRO_DES (FOREIGN KEY, ENABLED); PK_PROC_DESPACHO (PRIMARY KEY, ENABLED); SYS_C0059349 (CHECK, ENABLED); TMP$$_FK_PRO_ANE_R_PRO_DES0 (FOREIGN KEY, DISABLED)"
"SIPAJ";"PROC_DESPACHO";2;"SEQ_PROC_DOCUMENTO";"NUMBER";22;"Y";0;5;4557;1;0,00021944261575598;"NO";1;"Identificador unico de processo ou documento.";"FK_PRO_R_PRO_DES (FOREIGN KEY, ENABLED)"
"SIPAJ";"PROC_DESPACHO";3;"NUM_PROC_DESPACHO";"NUMBER";22;"N";0;7;5055;0;0,00019782393669634;"NO";1;"Número único de Despacho de Processo. Deve ser um seqüencial da própria entidade.";"SYS_C0059350 (CHECK, ENABLED)"
"SIPAJ";"PROC_DOCUMENTO";1;"SEQ_PROC_DOCUMENTO";"NUMBER";22;"N";0;5;48892;0;0,0000204532438844801;"NO";1;"Identificador único de processo ou documento.";"PK_PROC_DOCUMENTO (PRIMARY KEY, ENABLED); SYS_C0059352 (CHECK, ENABLED)"
"SIPAJ";"PROC_DOCUMENTO";2;"NUM_PROC_DOCUMENTO";"VARCHAR2";40;"Y";;13;31582;13558;0,000032;"NO";254;"Número que foi atribuído ao processo ou documento na SEFAZ, fornecido pelo usuário.";" (, )"
"SIPAJ";"PROC_DOCUMENTO";3;"DAT_INCLUSAO";"DATE";7;"Y";;8;21482;0;0,0000465506005027465;"NO";1;"Data de inclusao no sistema.";" (, )"
"SIPAJ";"PROC_DOCUMENTO";4;"DSC_OBSERVACAO";"CLOB";4000;"Y";;210;0;9349;0;"NO";0;"";" (, )"
"SIPAJ";"PROC_DOCUMENTO_PENDENCIA";1;"SEQ_PROC_DOCUMENTO";"NUMBER";22;"N";0;;;;;"NO";;"";" (, )"
"SIPAJ";"PROC_DOCUMENTO_PENDENCIA";2;"STA_PENDENCIA";"CHAR";1;"Y";;;;;;"NO";;"";" (, )"
"SIPAJ";"PROC_DOCUMENTO_20190212";1;"SEQ_PROC_DOCUMENTO";"NUMBER";22;"N";0;5;28261;0;0,0000353844520717597;"NO";1;"";"SYS_C001522008 (CHECK, ENABLED)"
"SIPAJ";"PROC_DOCUMENTO_20190212";2;"NUM_PROC_DOCUMENTO";"VARCHAR2";40;"Y";;11;15717;10461;0,0000636253737990711;"NO";1;"";" (, )"
"SIPAJ";"PROC_DOCUMENTO_20190212";3;"DAT_INCLUSAO";"DATE";7;"Y";;8;12942;0;0,0000772678102302581;"NO";1;"";" (, )"
"SIPAJ";"PROC_DOCUMENTO_20190212";4;"DSC_OBSERVACAO";"CLOB";4000;"Y";;198;0;7292;0;"NO";0;"";" (, )"
"SIPAJ";"PROCESSO";1;"SEQ_PROC_DOCUMENTO";"NUMBER";22;"N";0;5;26512;0;0,0000377187688593844;"NO";1;"Identificador único de processo ou documento.";"FK_PRO_DOC_R_PRO (FOREIGN KEY, ENABLED); PK_PROCESSO (PRIMARY KEY, ENABLED); SYS_C0059330 (CHECK, ENABLED)"
"SIPAJ";"PROCESSO";2;"SEQ_RAMO_DIREITO";"NUMBER";22;"N";0;3;4;0;0,0000188593844296922;"NO";4;"Identificador unico de Ramo do Direito.";"FK_RAM_DIR_R_PRO (FOREIGN KEY, ENABLED); SYS_C0059331 (CHECK, ENABLED)"
"SIPAJ";"PROCESSO";3;"SEQ_USUARIO";"NUMBER";22;"Y";0;6;26;0;0,0000188593844296922;"NO";26;"Usuário responsável.";"FK_USU_R_PRO (FOREIGN KEY, ENABLED)"
"SIPAJ";"PROCESSO";4;"NUM_SPU";"VARCHAR2";40;"Y";;7;11995;14512;0,000083;"NO";254;"Número do SPU (Sistema de Protocolo Único do Estado)";" (, )"
"SIPAJ";"PROCESSO";5;"DAT_PROCESSO";"DATE";7;"Y";;8;3625;0;0,000276;"NO";254;"Data real de criação do processo, informado pelo usuário.";" (, )"
"SIPAJ";"PROCESSO";6;"STA_PROCESSO";"NUMBER";22;"Y";0;3;5;0;0,0000188593844296922;"NO";5;"Status do processo";"CKC_STA_PROCESSO_PROCESSO (CHECK, ENABLED)"
"SIPAJ";"PROCESSO";7;"DSC_RESULTADO";"VARCHAR2";1024;"Y";;2;59;26446;0,0169491525423729;"NO";1;"Resultado do processo";" (, )"
"SIPAJ";"PROCESSO";8;"STA_BENEFICIO_FDI";"NUMBER";22;"Y";0;2;2;17089;0,5;"NO";1;"se processo concede beneficio para FDI
0=Nao
1=Sim
";"CKC_STA_BENEFICIO_FDI_PROCESSO (CHECK, ENABLED)"
"SIPAJ";"PROCESSO_ADM";1;"SEQ_PROC_DOCUMENTO";"NUMBER";22;"N";0;5;12000;0;0,0000833333333333333;"NO";1;"Identificador único de processo ou documento.";"FK_PRO_R_PRO_ADM (FOREIGN KEY, ENABLED); PK_PROCESSO_ADM (PRIMARY KEY, ENABLED); SYS_C0059334 (CHECK, ENABLED)"
"SIPAJ";"PROCESSO_ADM";2;"SEQ_ASSUNTO";"NUMBER";22;"N";0;4;150;0;0,0000416666666666667;"NO";150;"Identificador unico do assunto do processo";"FK_ASS_R_PRO_ADM (FOREIGN KEY, ENABLED); SYS_C0059335 (CHECK, ENABLED)"
"SIPAJ";"PROCESSO_DECISAO";1;"SEQ_PROC_DOCUMENTO";"NUMBER";22;"N";0;4;6;0;0,166666666666667;"NO";1;"Identificador único de processo ou documento.";"FK_PRO_R_PRO_DEC (FOREIGN KEY, ENABLED); PK_PROCESSO_DECISAO (PRIMARY KEY, ENABLED); SYS_C0059337 (CHECK, ENABLED)"
"SIPAJ";"PROCESSO_DECISAO";2;"SEQ_DECISAO";"NUMBER";22;"N";0;3;3;0;0,333333333333333;"NO";1;"Identificador unico de Tipo de processo judicial.";"FK_DEC_R_PRO_DEC (FOREIGN KEY, ENABLED); PK_PROCESSO_DECISAO (PRIMARY KEY, ENABLED); SYS_C0059338 (CHECK, ENABLED)"
"SIPAJ";"PROCESSO_DECISAO";3;"STA_JA_EXECUTADA";"NUMBER";22;"Y";0;3;2;0;0,5;"NO";1;"Indica se a decisão já foi executada. A decisão é executada quando uma mensagem é enviada ao gestor do sistema ao qual a decisão está vinculada.";"CKC_STA_JA_EXECUTADA_PROCESSO (CHECK, ENABLED)"
"SIPAJ";"PROCESSO_JUDICIAL";1;"SEQ_PROC_DOCUMENTO";"NUMBER";22;"N";0;5;15305;0;0,0000653381247958184;"NO";1;"Identificador único de processo ou documento.";"FK_PRO_R_PRO_JUD (FOREIGN KEY, ENABLED); PK_PROCESSO_JUDICIAL (PRIMARY KEY, ENABLED); SYS_C0059341 (CHECK, ENABLED)"
"SIPAJ";"PROCESSO_JUDICIAL";2;"SEQ_SETOR_ECONOMICO";"NUMBER";22;"Y";0;3;3;0;0,0000326690623979092;"NO";3;"Identificador Único de Setor Econômico.";"FK_SET_ECO_R_PROC_JUD (FOREIGN KEY, ENABLED)"
"SIPAJ";"PROCESSO_JUDICIAL";3;"SEQ_PROC_JUDIC_TIPO";"NUMBER";22;"N";0;3;22;0;0,0000326690623979092;"NO";22;"Identificador único de Tipo de processo judicial.";"FK_PRO_JUD_TIP_R_PRO_JUD (FOREIGN KEY, ENABLED); SYS_C0059342 (CHECK, ENABLED)"
"SIPAJ";"PROCESSO_JUDICIAL";4;"SEQ_VARA_TRIBUNAL";"NUMBER";22;"Y";0;4;122;0;0,0000326690623979092;"NO";122;"Identificacao unica da Vara ou Tribunal.";"FK_VAR_TRI_R_PRO_JUD (FOREIGN KEY, ENABLED)"
"SIPAJ";"PROCESSO_JUDICIAL";5;"STA_LIMINAR";"NUMBER";22;"N";0;3;5;0;0,0000326690623979092;"NO";5;"Situação da liminar na ação judicial.";"CKC_STA_LIMINAR_PROCESSO (CHECK, ENABLED); SYS_C0059343 (CHECK, ENABLED)"
"SIPAJ";"PROCESSO_JUDICIAL";6;"NOM_JUIZ_RELATOR";"VARCHAR2";100;"Y";;27;1908;0;0,000524109014675052;"NO";1;"Nome do Juiz ou Relator do Processo Judicial.";" (, )"
"SIPAJ";"PROC_INFORMACAO";1;"SEQ_PROC_ANEXO";"NUMBER";22;"N";0;5;66373;0;0,0000150663673481687;"NO";1;"Identificador único de Informação. ";"FK_PRO_ANE_R_PRO_INF (FOREIGN KEY, ENABLED); PK_PROC_INFORMACAO (PRIMARY KEY, ENABLED); SYS_C0059354 (CHECK, ENABLED); TMP$$_FK_PRO_ANE_R_PRO_INF0 (FOREIGN KEY, DISABLED)"
"SIPAJ";"PROC_INFORMACAO";2;"SEQ_PROC_DOCUMENTO";"NUMBER";22;"Y";0;5;17762;2;0,0000562999662200203;"NO";1;"Identificador unico de processo ou documento.";"FK_PRO_R_PRO_INF (FOREIGN KEY, ENABLED)"
"SIPAJ";"PROC_INFORMACAO";3;"NUM_PROC_INFORMACAO";"NUMBER";22;"N";0;7;66373;0;0,0000150663673481687;"NO";1;"Número único de Informação de Processo. Deve ser um seqüencial da própria entidade.";"SYS_C0059355 (CHECK, ENABLED)"
"SIPAJ";"PROC_JUDIC_ASSUNTO";1;"SEQ_ASSUNTO";"NUMBER";22;"N";0;4;178;0;0,0000312187812187812;"NO";178;"Identificador unico do assunto do processo";"FK_ASS_R_PRO_JUD_ASS (FOREIGN KEY, ENABLED); PK_PROC_JUDIC_ASSUNTO (PRIMARY KEY, ENABLED); SYS_C0059357 (CHECK, ENABLED)"
"SIPAJ";"PROC_JUDIC_ASSUNTO";2;"SEQ_PROC_DOCUMENTO";"NUMBER";22;"N";0;5;15447;0;0,000064737489480158;"NO";1;"Identificador único de processo ou documento.";"FK_PRO_JUD_R_PRO_JUD_ASS (FOREIGN KEY, ENABLED); PK_PROC_JUDIC_ASSUNTO (PRIMARY KEY, ENABLED); SYS_C0059358 (CHECK, ENABLED)"
"SIPAJ";"PROC_JUDIC_PARTE";1;"SEQ_PROC_JUDIC_PARTE";"NUMBER";22;"N";0;3;2;0;0,5;"NO";1;"Identificador único dos nomes das partes de um Processo Judicial.";"PK_PROC_JUDIC_PARTE (PRIMARY KEY, ENABLED); SYS_C0059360 (CHECK, ENABLED)"
"SIPAJ";"PROC_JUDIC_PARTE";2;"SEQ_PROC_JUDIC_TIPO";"NUMBER";22;"N";0;3;2;0;0,5;"NO";1;"Identificador único de Tipo de processo judicial.";"FK_PRO_JUD_TIP_R_PRO_JUD_PAR (FOREIGN KEY, ENABLED); SYS_C0059361 (CHECK, ENABLED)"
"SIPAJ";"PROC_JUDIC_PARTE";3;"NOM_DEMANDANTE";"VARCHAR2";20;"N";;11;2;0;0,5;"NO";1;"Titulo que sera dado ao demandante.";"SYS_C0059362 (CHECK, ENABLED)"
"SIPAJ";"PROC_JUDIC_PARTE";4;"NOM_DEMANDADO";"VARCHAR2";20;"N";;10;2;0;0,5;"NO";1;"Título que será dado ao demandado.";"SYS_C0059363 (CHECK, ENABLED)"
"SIPAJ";"PROC_JUDIC_PARTE";5;"STA_PROC_JUDIC_PARTE";"NUMBER";22;"Y";0;3;1;0;0,25;"NO";1;"Situação do registro.";"CKC_STA_PROC_JUDIC_PA_PROC_JUD (CHECK, ENABLED)"
"SIPAJ";"PROC_JUDIC_RECURSO";1;"SEQ_RECURSO";"NUMBER";22;"N";0;4;477;0;0,002073;"NO";254;"Identificador unico que identifica um recurso.";"FK_REC_R_PRO_JUD_REC (FOREIGN KEY, ENABLED); PK_PROC_JUDIC_RECURSO (PRIMARY KEY, ENABLED); SYS_C0059366 (CHECK, ENABLED)"
"SIPAJ";"PROC_JUDIC_RECURSO";2;"SEQ_PROC_DOCUMENTO";"NUMBER";22;"N";0;5;464;0;0,0021551724137931;"NO";1;"Identificador único de processo ou documento.";"FK_PRO_JUD_R_PRO_JUD_REC (FOREIGN KEY, ENABLED); PK_PROC_JUDIC_RECURSO (PRIMARY KEY, ENABLED); SYS_C0059367 (CHECK, ENABLED)"
"SIPAJ";"PROC_JUDIC_TIPO";1;"SEQ_PROC_JUDIC_TIPO";"NUMBER";22;"N";0;3;22;0;0,0454545454545455;"NO";1;"Identificador único de Tipo de processo judicial.";"PK_PROC_JUDIC_TIPO (PRIMARY KEY, ENABLED); SYS_C0059369 (CHECK, ENABLED)"
"SIPAJ";"PROC_JUDIC_TIPO";2;"DSC_PROC_JUDIC_TIPO";"VARCHAR2";60;"N";;21;22;0;0,0454545454545455;"NO";1;"Descrição do Tipo de processo judicial.";"SYS_C0059370 (CHECK, ENABLED)"
"SIPAJ";"PROC_JUDIC_TIPO";3;"STA_PROC_JUDIC_TIPO";"NUMBER";22;"N";0;3;1;0;0,0227272727272727;"NO";1;"Situacao do  Tipo de processo judicial (ativo/inativo).";"CKC_STA_PROC_JUDIC_TI_PROC_JUD (CHECK, ENABLED); SYS_C0059371 (CHECK, ENABLED)"
"SIPAJ";"PROC_PARECER";1;"SEQ_PROC_ANEXO";"NUMBER";22;"N";0;5;5270;0;0,000189753320683112;"NO";1;"Identificador único de Parecer de processo.";"FK_PRO_ANE_R_PRO_PAR (FOREIGN KEY, ENABLED); PK_PROC_PARECER (PRIMARY KEY, ENABLED); SYS_C0059374 (CHECK, ENABLED); TMP$$_FK_PRO_ANE_R_PRO_PAR0 (FOREIGN KEY, DISABLED)"
"SIPAJ";"PROC_PARECER";2;"SEQ_PROC_DOCUMENTO";"NUMBER";22;"Y";0;5;5085;0;0,000196656833824975;"NO";1;"Identificador unico de processo ou documento.";"FK_PRO_R_PRO_PAR (FOREIGN KEY, ENABLED)"
"SIPAJ";"PROC_PARECER";3;"NUM_PROC_PARECER";"NUMBER";22;"N";0;7;5270;0;0,000189753320683112;"NO";1;"Número único de Parecer de Processo. Deve ser um seqüencial da própria entidade.";"SYS_C0059375 (CHECK, ENABLED)"
"SIPAJ";"PRODUTO_IMPORT";1;"SEQ_PRODUTO_IMPORT";"NUMBER";22;"N";0;0;0;0;0;"NO";0;"Identificador único de Produto para Termo de Acordo Diferimento na Importação.";"PK_PRODUTO_IMPORT (PRIMARY KEY, ENABLED); SYS_C0059377 (CHECK, ENABLED)"
"SIPAJ";"PRODUTO_IMPORT";2;"SEQ_PROC_DOCUMENTO";"NUMBER";22;"N";0;0;0;0;0;"NO";0;"Identificador único de processo ou documento.";"FK_TER_ACO_R_PRO_IMP (FOREIGN KEY, ENABLED); SYS_C0059378 (CHECK, ENABLED)"
"SIPAJ";"PRODUTO_IMPORT";3;"COD_NCM";"NUMBER";22;"N";0;0;0;0;0;"NO";0;"Codigo da NCM.";"FK_NCM_R_PRO_IMP (FOREIGN KEY, ENABLED); SYS_C0059379 (CHECK, ENABLED)"
"SIPAJ";"PRODUTO_IMPORT";4;"QTD_PRODUTO_IMPORT";"NUMBER";22;"Y";2;0;0;0;0;"NO";0;"Quantidade permitida do Produto.";" (, )"
"SIPAJ";"PRODUTO_IMPORT";5;"DSC_UNIDADE";"VARCHAR2";20;"Y";;0;0;0;0;"NO";0;"Unidade utilizada.";" (, )"
"SIPAJ";"PRODUTO_RESOLUCAO";1;"SEQ_PRODUTO_RESOLUCAO";"NUMBER";22;"N";0;5;47358;0;0,0000211157565775582;"NO";1;"Identificador unico de Produto para Termo de Acordo Diferimento na Importacao.";"PK_PRODUTO_RESOLUCAO (PRIMARY KEY, ENABLED); SYS_C001010185 (CHECK, ENABLED)"
"SIPAJ";"PRODUTO_RESOLUCAO";2;"SEQ_PROC_DOCUMENTO";"NUMBER";22;"N";0;5;2569;0;0,000239;"NO";254;"Identificador unico de processo ou documento.";"FK_RES_CED_R_PRO_RES (FOREIGN KEY, ENABLED); SYS_C001010186 (CHECK, ENABLED)"
"SIPAJ";"PRODUTO_RESOLUCAO";3;"COD_NCM";"NUMBER";22;"Y";0;6;2798;188;0,000357398141529664;"NO";1;"Codigo da NCM.";" (, )"
"SIPAJ";"PRODUTO_RESOLUCAO";4;"VLR_DIFERIMENTO";"NUMBER";22;"Y";2;3;14;0;0,0714285714285714;"NO";1;"Quantidade permitida do Produto.";" (, )"
"SIPAJ";"PRODUTO_RESOLUCAO";5;"DSC_PRODUTO_RESOLUCAO";"VARCHAR2";1200;"Y";;165;30656;0;0,0000326200417536534;"NO";1;"Descricao da NCM";" (, )"
"SIPAJ";"PRODUTO_TIPO";1;"SEQ_PRODUTO_TIPO";"NUMBER";22;"N";0;3;21;0;0,0476190476190476;"NO";1;"Identificacao do Tipo de Termo de Acordo.";"PK_PRODUTO_TIPO (PRIMARY KEY, ENABLED); SYS_C001010189 (CHECK, ENABLED)"
"SIPAJ";"PRODUTO_TIPO";2;"DSC_PRODUTO_TIPO";"VARCHAR2";330;"Y";;127;21;0;0,0476190476190476;"NO";1;"Descricao do tipo de termo de acordo.";" (, )"
"SIPAJ";"PRODUTO_TIPO";3;"STA_PRODUTO_TIPO";"NUMBER";22;"Y";0;3;1;0;0,0238095238095238;"NO";1;"Status de ativo do Tipo de Termo de Acordo.";"CKC_STA_PRODUTO_TIPO_PRODUTO_ (CHECK, ENABLED)"
"SIPAJ";"PRORROGACAO";1;"SEQ_PRORROGACAO";"NUMBER";22;"N";0;5;12560;0;0,0000796178343949044;"NO";1;"Identificador único de prorrogação do termo de acordo.";"PK_PRORROGACAO (PRIMARY KEY, ENABLED); SYS_C0059381 (CHECK, ENABLED)"
"SIPAJ";"PRORROGACAO";2;"SEQ_PROC_DOCUMENTO";"NUMBER";22;"N";0;5;5580;0;0,00017921146953405;"NO";1;"Identificador único de processo ou documento.";"FK_TER_ACO_R_PRO (FOREIGN KEY, ENABLED); SYS_C0059382 (CHECK, ENABLED)"
"SIPAJ";"PRORROGACAO";3;"DAT_VALIDADE_FIM";"DATE";7;"N";;8;387;0;0,00258397932816537;"NO";1;"Nova data de validade final de termo de acordo.";"SYS_C0059383 (CHECK, ENABLED)"
"SIPAJ";"PRORROGACAO";4;"DAT_INCLUSAO";"DATE";7;"Y";;8;6348;551;0,00015752993068683;"NO";1;"Data de inclusao da prorrogacao no sistema.";" (, )"
"SIPAJ";"PRORROGACAO";5;"NUM_SPU";"VARCHAR2";20;"Y";;9;4889;5725;0,000204540805890775;"NO";1;"Número do SPU (Sistema de Protocolo Único do Estado)";" (, )"
"SIPAJ";"PRORROGACAO";6;"NUM_CI_PRORROGACAO";"VARCHAR2";20;"Y";;8;177;6635;0,00564971751412429;"NO";1;"Número da CI de justificativa da Prorrogação";" (, )"
"SIPAJ";"PRORROGACAO";7;"DSC_JUSTIFICATIVA";"VARCHAR2";255;"Y";;66;564;0;0,00177304964539007;"NO";1;"Justificativa para prorrogar o termo de acordo.";" (, )"
"SIPAJ";"PROTOCOLO_INTENCOES";1;"SEQ_PROC_DOCUMENTO";"NUMBER";22;"N";0;5;299;0;0,00334448160535117;"NO";1;"";"FK_DOC_R_PRO_INT (FOREIGN KEY, ENABLED); PK_PROTOCOLO_INTENCOES (PRIMARY KEY, ENABLED); SYS_C001010192 (CHECK, ENABLED)"
"SIPAJ";"PROTOCOLO_INTENCOES";2;"SEQ_PRODUTO_TIPO";"NUMBER";22;"Y";0;0;0;299;0;"NO";0;"Identificacao do Tipo de Termo de Acordo.";"FK_PRO_TIP_R_PRO_INT (FOREIGN KEY, ENABLED)"
"SIPAJ";"PROTOCOLO_INTENCOES";3;"DAT_ASSINATURA";"DATE";7;"Y";;8;131;3;0,00168918918918919;"NO";131;"Data de assinatura do protocolo de intencoes";" (, )"
"SIPAJ";"PROTOCOLO_INTENCOES";4;"DAT_VALIDADE";"DATE";7;"Y";;6;72;94;0,0024390243902439;"NO";72;"Data de validade do protocolo de intencoes";" (, )"
"SIPAJ";"RAMO_DIREITO";1;"SEQ_RAMO_DIREITO";"NUMBER";22;"N";0;3;4;0;0,25;"NO";1;"Identificador unico de Ramo do Direito.";"PK_RAMO_DIREITO (PRIMARY KEY, ENABLED); SYS_C0059385 (CHECK, ENABLED)"
"SIPAJ";"RAMO_DIREITO";2;"DSC_RAMO_DIREITO";"VARCHAR2";60;"N";;12;4;0;0,25;"NO";1;"Descrição do Ramo.";"SYS_C0059386 (CHECK, ENABLED)"
"SIPAJ";"RAMO_DIREITO";3;"STA_RAMO_DIREITO";"NUMBER";22;"N";0;3;1;0;0,125;"NO";1;"Situação do Ramo (ativo/inativo).";"CKC_STA_RAMO_DIREITO_RAMO_DIR (CHECK, ENABLED); SYS_C0059387 (CHECK, ENABLED)"
"SIPAJ";"RECORRENTE_CARGO";1;"SEQ_RECURSO";"NUMBER";22;"N";0;0;0;0;0;"NO";0;"Identificador unico que identifica um recurso.";"FK_REC_R_RTE_CAR (FOREIGN KEY, ENABLED); PK_RECORRENTE_CARGO (PRIMARY KEY, ENABLED); SYS_C0059390 (CHECK, ENABLED)"
"SIPAJ";"RECORRENTE_CARGO";2;"SEQ_CARGO_FUNCAO";"NUMBER";22;"N";0;0;0;0;0;"NO";0;"Identificador unico que identifica um cargo.";"PK_RECORRENTE_CARGO (PRIMARY KEY, ENABLED); SYS_C0059391 (CHECK, ENABLED)"
"SIPAJ";"RECORRENTE_PESSOA";1;"SEQ_RECURSO";"NUMBER";22;"N";0;4;518;0;0,001513;"NO";254;"Identificador unico que identifica um recurso.";"FK_REC_R_RTE_PES (FOREIGN KEY, ENABLED); PK_RECORRENTE_PESSOA (PRIMARY KEY, ENABLED); SYS_C0059393 (CHECK, ENABLED)"
"SIPAJ";"RECORRENTE_PESSOA";2;"SEQ_PESSOA";"NUMBER";22;"N";0;6;817;0;0,001211;"NO";254;"Identificador unico de instancia de Pessoa no Cadastro.";"PK_RECORRENTE_PESSOA (PRIMARY KEY, ENABLED); SYS_C0059394 (CHECK, ENABLED)"
"SIPAJ";"RECORRIDO_CARGO";1;"SEQ_RECURSO";"NUMBER";22;"N";0;4;518;0;0,00193050193050193;"NO";1;"Identificador unico que identifica um recurso.";"FK_REC_R_RDO_CAR (FOREIGN KEY, ENABLED); PK_RECORRIDO_CARGO (PRIMARY KEY, ENABLED); SYS_C0059396 (CHECK, ENABLED)"
"SIPAJ";"RECORRIDO_CARGO";2;"SEQ_CARGO_FUNCAO";"NUMBER";22;"N";0;4;25;0;0,00093984962406015;"NO";25;"Identificador unico que identifica um cargo.";"PK_RECORRIDO_CARGO (PRIMARY KEY, ENABLED); SYS_C0059397 (CHECK, ENABLED)"
"SIPAJ";"RECORRIDO_PESSOA";1;"SEQ_RECURSO";"NUMBER";22;"N";0;0;0;0;0;"NO";0;"Identificador unico que identifica um recurso.";"FK_REC_R_RDO_PES (FOREIGN KEY, ENABLED); PK_RECORRIDO_PESSOA (PRIMARY KEY, ENABLED); SYS_C0059399 (CHECK, ENABLED)"
"SIPAJ";"RECORRIDO_PESSOA";2;"SEQ_PESSOA";"NUMBER";22;"N";0;0;0;0;0;"NO";0;"Identificador unico de instancia de Pessoa no Cadastro.";"PK_RECORRIDO_PESSOA (PRIMARY KEY, ENABLED); SYS_C0059400 (CHECK, ENABLED)"
"SIPAJ";"RECURSO";1;"SEQ_RECURSO";"NUMBER";22;"N";0;4;518;0;0,00193050193050193;"NO";1;"Identificador único que identifica um recurso.";"PK_RECURSO (PRIMARY KEY, ENABLED); SYS_C0059402 (CHECK, ENABLED)"
"SIPAJ";"RECURSO";2;"SEQ_VARA_TRIBUNAL";"NUMBER";22;"Y";0;4;20;0;0,05;"NO";1;"Identificação única da Vara ou Tribunal.";"FK_VAR_TRI_R_REC (FOREIGN KEY, ENABLED)"
"SIPAJ";"RECURSO";3;"SEQ_RECURSO_TIPO";"NUMBER";22;"N";0;3;8;0;0,125;"NO";1;"Identificador único de Tipo de recurso.";"FK_REC_TIP_R_REC (FOREIGN KEY, ENABLED); SYS_C0059403 (CHECK, ENABLED)"
"SIPAJ";"RECURSO";4;"NUM_RECURSO";"VARCHAR2";40;"N";;26;468;0;0,002059;"NO";254;"Número do recurso, informado pelo usuário.";"SYS_C0059404 (CHECK, ENABLED)"
"SIPAJ";"RECURSO";5;"DAT_RECURSO";"DATE";7;"Y";;8;427;0;0,00234192037470726;"NO";1;"Data de abertura real do recurso (fora da SEFAZ).";" (, )"
"SIPAJ";"RECURSO";6;"DAT_INCLUSAO";"DATE";7;"Y";;8;518;0;0,001929;"NO";254;"Data de inclusao do recurso no SIPAJ.";" (, )"
"SIPAJ";"RECURSO";7;"NOM_JUIZ_RELATOR";"VARCHAR2";100;"Y";;28;186;0;0,0053763440860215;"NO";1;"Nome do Juiz ou Relator do Recurso do Processo Judicial.";" (, )"
"SIPAJ";"RECURSO";8;"DSC_TEOR_DESPACHO";"CLOB";4000;"Y";;254;0;9;0;"NO";0;"";" (, )"
"SIPAJ";"RECURSO";9;"DSC_OBSERVACAO";"CLOB";4000;"Y";;53;0;330;0;"NO";0;"";" (, )"
"SIPAJ";"RECURSO_DECISAO";1;"SEQ_RECURSO";"NUMBER";22;"N";0;4;3;0;0,333333333333333;"NO";1;"Identificador único que identifica um recurso.";"FK_REC_R_REC_DEC (FOREIGN KEY, ENABLED); PK_RECURSO_DECISAO (PRIMARY KEY, ENABLED); SYS_C0059406 (CHECK, ENABLED)"
"SIPAJ";"RECURSO_DECISAO";2;"SEQ_DECISAO";"NUMBER";22;"N";0;3;2;0;0,5;"NO";1;"Identificador unico de Tipo de processo judicial.";"FK_DEC_R_REC_DEC (FOREIGN KEY, ENABLED); PK_RECURSO_DECISAO (PRIMARY KEY, ENABLED); SYS_C0059407 (CHECK, ENABLED)"
"SIPAJ";"RECURSO_DECISAO";3;"STA_JA_EXECUTADA";"NUMBER";22;"Y";0;0;0;3;0;"NO";0;"Indica se a decisão já foi executada. A decisão é executada quando uma mensagem é enviada ao gestor do sistema ao qual a decisão está vinculada.";"CKC_STA_JA_EXECUTADA_RECURSO_ (CHECK, ENABLED)"
"SIPAJ";"RECURSO_PARTE";1;"SEQ_RECURSO_PARTE";"NUMBER";22;"N";0;0;0;0;0;"NO";0;"Identificador único dos nomes das partes de um recurso.";"PK_RECURSO_PARTE (PRIMARY KEY, ENABLED); SYS_C0059410 (CHECK, ENABLED)"
"SIPAJ";"RECURSO_PARTE";2;"SEQ_RECURSO_TIPO";"NUMBER";22;"N";0;0;0;0;0;"NO";0;"Identificador único de Tipo de recurso.";"FK_REC_TIP_R_REC_PAR (FOREIGN KEY, ENABLED); SYS_C0059411 (CHECK, ENABLED)"
"SIPAJ";"RECURSO_PARTE";3;"NOM_RECORRENTE";"VARCHAR2";20;"N";;0;0;0;0;"NO";0;"Título que será dado ao recorrente.";"SYS_C0059412 (CHECK, ENABLED)"
"SIPAJ";"RECURSO_PARTE";4;"NOM_RECORRIDO";"VARCHAR2";20;"N";;0;0;0;0;"NO";0;"Título que será dado ao recorrido.";"SYS_C0059413 (CHECK, ENABLED)"
"SIPAJ";"RECURSO_PARTE";5;"STA_RECURSO_PARTE";"NUMBER";22;"Y";0;0;0;0;0;"NO";0;"Situacao do registro.";"CKC_STA_RECURSO_PARTE_RECURSO_ (CHECK, ENABLED)"
"SIPAJ";"RECURSO_TIPO";1;"SEQ_RECURSO_TIPO";"NUMBER";22;"N";0;3;8;0;0,125;"NO";1;"Identificador unico de Tipo de recurso.";"PK_RECURSO_TIPO (PRIMARY KEY, ENABLED); SYS_C0059416 (CHECK, ENABLED)"
"SIPAJ";"RECURSO_TIPO";2;"DSC_RECURSO_TIPO";"VARCHAR2";60;"Y";;19;8;0;0,125;"NO";1;"Descrição do Tipo de recurso.";" (, )"
"SIPAJ";"RECURSO_TIPO";3;"STA_RECURSO_TIPO";"NUMBER";22;"Y";0;3;1;0;1;"NO";1;"Situação do  Tipo de recurso(ativo/inativo).";"CKC_STA_RECURSO_TIPO_RECURSO_ (CHECK, ENABLED)"
"SIPAJ";"RESOLUCAO_CEDIN";1;"SEQ_PROC_DOCUMENTO";"NUMBER";22;"N";0;5;2964;0;0,000337381916329285;"NO";1;"Identificador unico de processo ou documento.";"FK_DOC_R_RES_CED (FOREIGN KEY, ENABLED); PK_RESOLUCAO_CEDIN (PRIMARY KEY, ENABLED); SYS_C001010194 (CHECK, ENABLED)"
"SIPAJ";"RESOLUCAO_CEDIN";2;"SEQ_PRODUTO_TIPO";"NUMBER";22;"N";0;3;21;0;0,000168690958164642;"NO";21;"Identificacao do Tipo de Termo de Acordo.";"FK_PRO_TIP_R_RES_CED (FOREIGN KEY, ENABLED); SYS_C001010195 (CHECK, ENABLED)"
"SIPAJ";"RESOLUCAO_CEDIN";3;"COD_PROGRAMA_FDI";"NUMBER";22;"N";0;3;7;0;0,000168690958164642;"NO";7;"Identificacao do Tipo de Programa FDI";"CKC_COD_PROGRAMA_FDI_RESOLUCA (CHECK, ENABLED); SYS_C001010196 (CHECK, ENABLED)"
"SIPAJ";"RESOLUCAO_CEDIN";4;"DAT_VIGENCIA_INI";"DATE";7;"Y";;8;1141;0;0,000707;"NO";254;"Data inicio validade.";" (, )"
"SIPAJ";"RESOLUCAO_CEDIN";5;"DAT_VIGENCIA_FIM";"DATE";7;"Y";;5;330;1372;0,001797;"NO";254;"Data fim validade.";" (, )"
"SIPAJ";"RESOLUCAO_CEDIN";6;"TIP_ATO_NORMATIVO";"NUMBER";22;"Y";0;3;3;1300;0,333333333333333;"NO";1;"Prorrogacao do termo de acordo em dias";"CKC_TIP_ATO_NORMATIVO_RESOLUCA (CHECK, ENABLED)"
"SIPAJ";"RESOLUCAO_CEDIN";7;"NUM_ATO_NORMATIVO";"VARCHAR2";40;"Y";;6;1061;1300;0,000942507068803016;"NO";1;"Numero do Ato que originou a Resolucao CEDIN";" (, )"
"SIPAJ";"RESOLUCAO_CEDIN";8;"VLR_DIFERIMENTO";"NUMBER";22;"Y";2;3;15;249;0,0666666666666667;"NO";1;"Quantidade permitida da Resolucao.";" (, )"
"SIPAJ";"RESOLUCAO_CEDIN";9;"NUM_PROC_VIPRO";"VARCHAR2";20;"Y";;11;1552;536;0,000522;"NO";254;"Numero do Processo Viproc";" (, )"
"SIPAJ";"RESOLUCAO_CEDIN";10;"DAT_PROC_VIPRO";"DATE";7;"Y";;7;973;546;0,00102774922918808;"NO";1;"Data do processo do Vipro";" (, )"
"SIPAJ";"RESOLUCAO_CEDIN";11;"STA_REQUERIMENTO";"NUMBER";22;"Y";0;3;2;536;0,000205930807248764;"NO";2;"Status do requerimento
0 - '' (Default)
1 - Requerido
2 - Deferido";" (, )"
"SIPAJ";"RESOLUCAO_CEDIN";12;"SIT_REGISTRO";"NUMBER";22;"Y";0;3;2;0;0,000168690958164642;"NO";2;"Situacao do registro. 0 = pendente de homologacao; 1 = homologado";" (, )"
"SIPAJ";"SETOR_ECONOMICO";1;"SEQ_SETOR_ECONOMICO";"NUMBER";22;"N";0;3;3;0;0,333333333333333;"NO";1;"Identificador Único de Setor Econômico.";"PK_SETOR_ECONOMICO (PRIMARY KEY, ENABLED); SYS_C0059419 (CHECK, ENABLED)"
"SIPAJ";"SETOR_ECONOMICO";2;"DSC_SETOR_ECONOMICO";"VARCHAR2";60;"N";;13;3;0;0,333333333333333;"NO";1;"Descricao de Setor Economico.";"SYS_C0059420 (CHECK, ENABLED)"
"SIPAJ";"SETOR_ECONOMICO";3;"STA_SETOR_ECONOMICO";"NUMBER";22;"N";0;3;1;0;0,166666666666667;"NO";1;"Situação do Setor Econômico.";"CKC_STA_SETOR_ECONOMI_SETOR_EC (CHECK, ENABLED); SYS_C0059421 (CHECK, ENABLED)"
"SIPAJ";"SOL_CRED_RESS_INFORMA_FIS";1;"SEQ_SOL_INFOR";"NUMBER";22;"N";0;4;2923;0;0,000342114266164899;"NO";1;"IDENTIFICADOR UNICO DA SOLICITACAO COM INFORMACAO FISCAL";"PK_SOL_CRED_RESS_INFORMA_FIS (PRIMARY KEY, ENABLED); SYS_C001523297 (CHECK, ENABLED)"
"SIPAJ";"SOL_CRED_RESS_INFORMA_FIS";2;"SEQ_SOLI_CRED_RES";"NUMBER";22;"N";0;4;2418;0;0,000413564929693962;"NO";1;"IDENTIFICADOR UNICO DA SOLICITACAO DE CREDITO/RESSACIMENTO";"FK_SOL_CRED_R_SOL_INF (FOREIGN KEY, ENABLED); SYS_C001523298 (CHECK, ENABLED)"
"SIPAJ";"SOL_CRED_RESS_INFORMA_FIS";3;"SEQ_PROC_DOCUMENTO";"NUMBER";22;"N";0;5;268;0;0,001412;"NO";254;"Identificador unico de informacao fiscal.";"FK_INF_FIS_R_SOL_CRED (FOREIGN KEY, ENABLED); SYS_C001523299 (CHECK, ENABLED)"
"SIPAJ";"SOL_CRED_RESS_INFORMA_FIS";4;"VLR_UTILIZADO";"NUMBER";22;"N";2;5;1316;0;0,000759878419452888;"NO";1;"VALOR QUE FOI UTILIZADO PARA CADA INFORMACAO FISCAL";"SYS_C001523300 (CHECK, ENABLED)"
"SIPAJ";"SOLICITACAO_CRED_RESSA";1;"SEQ_SOLI_CRED_RES";"NUMBER";22;"N";0;4;2418;0;0,000413564929693962;"NO";1;"IDENTIFICADOR UNICO DA SOLICITACAO DE CREDITO/RESSACIMENTO";"PK_SOLICITACAO_CRED_RESSA (PRIMARY KEY, ENABLED); SYS_C001523303 (CHECK, ENABLED)"
"SIPAJ";"SOLICITACAO_CRED_RESSA";2;"SEQ_INF_FISCAL_TIPO";"NUMBER";22;"N";0;3;2;0;0,5;"NO";1;"Identificacao do Tipo de Informacao Fiscal.";"FK_INF_TIP_R_SOL_CRED (FOREIGN KEY, ENABLED); SYS_C001523304 (CHECK, ENABLED)"
"SIPAJ";"SOLICITACAO_CRED_RESSA";3;"SEQ_PESSOA";"NUMBER";22;"N";0;6;94;0;0,000206782464846981;"NO";94;"Identificador unico de instancia de Pessoa no Cadastro.";"FK_PES_R_SOL_CRED (FOREIGN KEY, ENABLED); SYS_C001523305 (CHECK, ENABLED)"
"SIPAJ";"SOLICITACAO_CRED_RESSA";4;"NUM_SELO_NOTA";"NUMBER";22;"N";0;9;1204;0;0,000830564784053156;"NO";1;"NUMERO DO SELO DA NOTA FISCAL";"SYS_C001523306 (CHECK, ENABLED)"
"SIPAJ";"SOLICITACAO_CRED_RESSA";5;"VLR_SOLICITADO";"NUMBER";22;"N";2;5;1216;0;0,000822368421052632;"NO";1;"VALOR SOLICITADO";"SYS_C001523307 (CHECK, ENABLED)"
"SIPAJ";"SOLICITACAO_CRED_RESSA";6;"COD_OPERACAO";"NUMBER";22;"N";0;3;2;0;0,5;"NO";1;"TIPO DE OPERACAO: 1- CREDITO; 2- ESTORNO";"SYS_C001523308 (CHECK, ENABLED)"
"SIPAJ";"SOLICITACAO_CRED_RESSA";7;"DAT_SOLICITACAO";"DATE";7;"N";;8;1622;0;0,00061652281134402;"NO";1;"DATA DA SOLICITACAO";"SYS_C001523309 (CHECK, ENABLED)"
"SIPAJ";"SOLICITACAO_CRED_RESSA";8;"DAT_PROCESSADO";"DATE";7;"Y";;8;1622;0;0,00061652281134402;"NO";1;"DATA QUE A SOLICITACAO FOI PROCESSADA";" (, )"
"SIPAJ";"SOLICITACAO_CRED_RESSA";9;"STA_PROCESSADO";"NUMBER";22;"Y";0;3;1;0;1;"NO";1;"STATUS DO PROCESSAMENTO; 0-NAO FOI POSSIVEL PROCESSAR; 1-PROCESSADO COM SUCESSO";" (, )"
"SIPAJ";"SOLICITACAO_CRED_RESSA";10;"DSC_OBSERVACAO";"VARCHAR2";255;"Y";;11;7;1631;0,142857142857143;"NO";1;"OBSERVACAO PARA CASO SEJA INCLUIDO A JUSTIFICATIVA QUE NAO FOI POSSIVEL PROCESSAR";" (, )"
"SIPAJ";"TERMO_ACORDO";1;"SEQ_PROC_DOCUMENTO";"NUMBER";22;"N";0;5;12256;0;0,0000815926892950392;"NO";1;"Identificador único de processo ou documento.";"FK_DOC_R_TER_ACO (FOREIGN KEY, ENABLED); PK_TERMO_ACORDO (PRIMARY KEY, ENABLED); SYS_C0059424 (CHECK, ENABLED)"
"SIPAJ";"TERMO_ACORDO";2;"SEQ_TERMO_TIPO";"NUMBER";22;"N";0;3;49;0;0,0000407963446475196;"NO";49;"Identificação do Tipo de Termo de Acordo.";"FK_TER_TIP_R_TER_ACO (FOREIGN KEY, ENABLED); SYS_C0059425 (CHECK, ENABLED)"
"SIPAJ";"TERMO_ACORDO";3;"SEQ_PROC_DOCUMENTO_ORIGEM";"NUMBER";22;"Y";0;0;0;12256;0;"NO";0;"Identificador único de processo ou documento.";"FK_TER_ACO_R_TER_ACO (FOREIGN KEY, ENABLED)"
"SIPAJ";"TERMO_ACORDO";4;"DAT_VALIDADE_INI";"DATE";7;"Y";;8;2506;0;0,000321;"NO";254;"Data inicio validade.";" (, )"
"SIPAJ";"TERMO_ACORDO";5;"DAT_VALIDADE_FIM";"DATE";7;"Y";;8;2320;0;0,000307;"NO";254;"Data fim validade.";" (, )"
"SIPAJ";"TERMO_ACORDO";6;"TIP_OPERACAO";"NUMBER";22;"Y";0;2;2;12022;0,00213675213675214;"NO";2;"Tipo de operacao para a qual o termo de acordo Exportacao Indireta e valido (Entrada/Saida).";"CKC_TIP_OPERACAO_TERMO_AC (CHECK, ENABLED)"
"SIPAJ";"TERMO_ACORDO";7;"NUM_INVOICE";"VARCHAR2";30;"Y";;0;0;12256;0;"NO";0;"Número da Nota Fiscal Internacional.";" (, )"
"SIPAJ";"TERMO_ACORDO";8;"QTD_PRORROGACAO";"NUMBER";22;"Y";0;3;17;0;0,0588235294117647;"NO";1;"Prorrogação do termo de acordo em dias";" (, )"
"SIPAJ";"TERMO_ACORDO";9;"NUM_CI_PRAZO_TERMO_RESP";"VARCHAR2";20;"Y";;0;0;12256;0;"NO";0;"Número da CI de justificativa da Prorrogação";" (, )"
"SIPAJ";"TERMO_ACORDO";10;"NUM_DIAS_TERMO_RESP";"NUMBER";22;"Y";0;0;0;12256;0;"NO";0;"Prazo para o termo de responsabilidade em dias. Utilizado em Dilatação de Prazo para Termo de Responsabilidade.";" (, )"
"SIPAJ";"TERMO_ACORDO";11;"STA_PRAZO_IND_TERMO_RESP";"NUMBER";22;"Y";0;0;0;12256;0;"NO";0;"Indica se o prazo para de prorrogação do termo de responsabilidade é indeterminado.";" (, )"
"SIPAJ";"TERMO_ACORDO";12;"VLR_BENEFICIO";"NUMBER";22;"Y";2;2;12;11876;0,0833333333333333;"NO";1;"Valor percentual do beneficio concedido.";" (, )"
"SIPAJ";"TERMO_ACORDO";13;"STA_PAGAR_ICMS";"NUMBER";22;"Y";0;2;2;12243;0,0384615384615385;"NO";2;"Pagar ICMS na entrada";"CKC_STA_PAGAR_ICMS_TERMO_AC (CHECK, ENABLED)"
"SIPAJ";"TERMO_ACORDO";14;"DAT_VALIDADE_FIM_ORIG";"DATE";7;"Y";;8;2428;279;0,000411861614497529;"NO";1;"Data fim validade original. Esse campo foi criado para guardar a data fim validade que nunca sera alterada, pois a dataFimValidade e alterada sempre que for criado uma prorrogacao.";" (, )"
"SIPAJ";"TERMO_ACORDO";15;"NUM_PROC_VIPRO";"VARCHAR2";20;"Y";;0;0;12256;0;"NO";0;"NUMERO DO PROCESSO NO VIPRO.";" (, )"
"SIPAJ";"TERMO_ACORDO";16;"DAT_PERIODO_INICIO";"DATE";7;"Y";;3;148;10364;0,000264270613107822;"NO";148;"DATA INICIO DO PERRIODO ANIVERSARIO RET";" (, )"
"SIPAJ";"TERMO_ACORDO";17;"DAT_PERIODO_FIM";"DATE";7;"Y";;3;148;10365;0,000264410364886304;"NO";148;"DATA FIM DO PERRIODO ANIVERSARIO RET";" (, )"
"SIPAJ";"TERMO_TIPO";1;"SEQ_TERMO_TIPO";"NUMBER";22;"N";0;3;60;0;0,0166666666666667;"NO";1;"Identificacao do Tipo de Termo de Acordo.";"PK_TERMO_TIPO (PRIMARY KEY, ENABLED); SYS_C0059428 (CHECK, ENABLED)"
"SIPAJ";"TERMO_TIPO";2;"DSC_TERMO_TIPO";"VARCHAR2";70;"Y";;34;60;0;0,00833333333333333;"NO";60;"Descrição do tipo de termo de acordo.";" (, )"
"SIPAJ";"TERMO_TIPO";3;"STA_TERMO_TIPO";"NUMBER";22;"Y";0;3;2;0;0,00833333333333333;"NO";2;"Status de ativo do Tipo de Termo de Acordo.";"CKC_STA_TERMO_TIPO_TERMO_TI (CHECK, ENABLED)"
"SIPAJ";"TERMO_TIPO";4;"STA_INTERNO";"NUMBER";22;"N";0;3;2;0;0,00833333333333333;"NO";2;"Indica se o termo de acordo e interno ou externo.";"SYS_C0059429 (CHECK, ENABLED)"
"SIPAJ";"TERMO_TIPO";5;"STA_IMPORTACAO";"NUMBER";22;"Y";0;3;2;0;0,5;"NO";1;"Indica se o termo de acordo e referente a operacoes de importacao ou exportacao";" (, )"
"SIPAJ";"TERMO_TIPO_CAE";1;"SEQ_TERMO_TIPO_CAE";"NUMBER";22;"N";0;4;137;0;0,0072992700729927;"NO";1;"SEQUENCIAL";"PK_TERMO_TIPO_CAE (PRIMARY KEY, ENABLED); SYS_C001526144 (CHECK, ENABLED)"
"SIPAJ";"TERMO_TIPO_CAE";2;"SEQ_TERMO_TIPO";"NUMBER";22;"N";0;3;20;0;0,00364963503649635;"NO";20;"Identificacao do Tipo de Termo de Acordo.";"FK_TRM_TIP_R_TRM_TIP_CAE (FOREIGN KEY, ENABLED); SYS_C001526145 (CHECK, ENABLED)"
"SIPAJ";"TERMO_TIPO_CAE";3;"COD_CAE";"NUMBER";22;"N";0;6;60;0;0,00364963503649635;"NO";60;"Codigo de Atividade Economica";"FK_CAE_R_TRM_TIP_CAE (FOREIGN KEY, ENABLED); SYS_C001526146 (CHECK, ENABLED)"
"SIPAJ";"TERMO_TIPO_CAE";4;"STA_SITUACAO";"NUMBER";22;"N";0;3;2;0;0,00364963503649635;"NO";2;"STATUS DO CNAE
1 - ATIVO
0 - INATIVO";"SYS_C001526147 (CHECK, ENABLED)"
"SIPAJ";"TERMO_TIPO_CAE";5;"STA_MONITORAMENTO";"NUMBER";22;"N";0;3;2;0;0,00364963503649635;"NO";2;"STATUS DO MONITORAMENTO
1 - ATIVO
0 - INATIVO";"SYS_C001526148 (CHECK, ENABLED)"
"SIPAJ";"TERMO_TIPO_CAE";6;"STA_SUSPENDE";"NUMBER";22;"N";0;3;2;0;0,00364963503649635;"NO";2;"STATUS SE SUSPENDE AUTOMATICAMENTE O RET: 0 - INATIVO, 1 - ATIVO";"SYS_C001527743 (CHECK, ENABLED)"
"SIPAJ";"TERMO_TIPO_CAE";7;"STA_RENOVA";"NUMBER";22;"N";0;3;2;0;0,5;"NO";1;"STATUS SE REMOVA AUTOMATICAMENTE O RET: 0 - INATIVO, 1 - ATIVO";"SYS_C001527744 (CHECK, ENABLED)"
"SIPAJ";"TERMO_TIPO_CAE";8;"STA_ENVIA_EMAIL";"NUMBER";22;"N";0;3;2;0;0,5;"NO";1;"STATUS SE ENVIA E-MAIL: 0 - INATIVO, 1 - ATIVO";"SYS_C001527745 (CHECK, ENABLED)"
"SIPAJ";"TRAMITACAO";1;"SEQ_TRAMITACAO";"NUMBER";22;"N";0;5;25710;0;0,0000388953714507973;"NO";1;"Identificador único da tramitação de processo.";"PK_TRAMITACAO (PRIMARY KEY, ENABLED); SYS_C0059432 (CHECK, ENABLED)"
"SIPAJ";"TRAMITACAO";2;"COD_ORGAO_LOCAL_ORI";"NUMBER";22;"Y";0;6;1;0;1;"NO";1;"Orgao origem da tramitacao.";"FK_ORG_LOC_R_TRA_ORI (FOREIGN KEY, ENABLED)"
"SIPAJ";"TRAMITACAO";3;"COD_ORGAO_LOCAL_DES";"NUMBER";22;"Y";0;4;107;14146;0,00934579439252336;"NO";1;"Órgão destino da tramitação.";"FK_ORG_LOC_R_TRA_DES (FOREIGN KEY, ENABLED)"
"SIPAJ";"TRAMITACAO";4;"SEQ_USUARIO_ORI";"NUMBER";22;"Y";0;6;32;0;0,03125;"NO";1;"Usuário origem da tramitação.";"FK_USU_R_TRA_ORI (FOREIGN KEY, ENABLED)"
"SIPAJ";"TRAMITACAO";5;"SEQ_USUARIO_DES";"NUMBER";22;"Y";0;4;25;11564;0,04;"NO";1;"Usuário destino da tramitação.";"FK_USU_R_TRA_DES (FOREIGN KEY, ENABLED)"
"SIPAJ";"TRAMITACAO";6;"SEQ_USUARIO_REC";"NUMBER";22;"Y";0;3;22;17982;0,0454545454545455;"NO";1;"Seqüencial do usuário";"FK_USU_R_TRA_REC (FOREIGN KEY, ENABLED)"
"SIPAJ";"TRAMITACAO";7;"SEQ_PROC_DOCUMENTO";"NUMBER";22;"Y";0;5;12526;0;0,0000798339453935813;"NO";1;"Identificador único de processo ou documento.";"FK_PRO_R_TRA_DES (FOREIGN KEY, ENABLED)"
"SIPAJ";"TRAMITACAO";8;"DAT_ENVIO";"DATE";7;"N";;8;25710;0;0,0000388953714507973;"NO";1;"Data de envio da tramitação pela origem";"SYS_C0059433 (CHECK, ENABLED)"
"SIPAJ";"TRAMITACAO";9;"DAT_RECEBIMENTO";"DATE";7;"Y";;4;7721;17982;0,000129516901955705;"NO";1;"Data de recebimento da tramitação pelo destino.";" (, )"
"SIPAJ";"TRAMITACAO";10;"DSC_MOTIVO";"VARCHAR2";100;"Y";;35;3437;0;0,000290951411114344;"NO";1;"Motivo da tramitação.";" (, )"
"SIPAJ";"TRAMITACAO";11;"TIP_ENVOLVIDO_ORIGEM";"NUMBER";22;"N";0;3;2;0;0,5;"NO";1;"Indica o tipo da origem da tramitação.";"CKC_TIP_ENVOLVIDO_ORI_TRAMITAC (CHECK, ENABLED); SYS_C0059434 (CHECK, ENABLED)"
"SIPAJ";"TRAMITACAO";12;"TIP_ENVOLVIDO_DESTINO";"NUMBER";22;"N";0;3;2;0;0,5;"NO";1;"Indica o tipo do destino da tramitação.";"CKC_TIP_ENVOLVIDO_DES_TRAMITAC (CHECK, ENABLED); SYS_C0059435 (CHECK, ENABLED)"
"SIPAJ";"VARA_TRIBUNAL";1;"SEQ_VARA_TRIBUNAL";"NUMBER";22;"N";0;4;131;0;0,00763358778625954;"NO";1;"Identificacao unica da Vara ou Tribunal.";"PK_VARA_TRIBUNAL (PRIMARY KEY, ENABLED); SYS_C0059439 (CHECK, ENABLED)"
"SIPAJ";"VARA_TRIBUNAL";2;"DSC_VARA_TRIBUNAL";"VARCHAR2";100;"Y";;31;122;0;0,00819672131147541;"NO";1;"Descrição da Vara ou Tribunal.";" (, )"
"SIPAJ";"VARA_TRIBUNAL";3;"STA_VARA_TRIBUNAL";"NUMBER";22;"Y";0;3;2;0;0,00381679389312977;"NO";2;"Status de ativo da Vara ou Tribunal.";"CKC_STA_VARA_TRIBUNAL_VARA_TRI (CHECK, ENABLED)"
