"OWNER";"TABLE_NAME";"COLUMN_ID";"COLUMN_NAME";"DATA_TYPE";"DATA_LENGTH";"NULLABLE";"DATA_SCALE";"AVG_COL_LEN";"NUM_DISTINCT";"NUM_NULLS";"DENSITY";"DEFAULT_ON_NULL";"NUM_BUCKETS";"COMMENTS";"CONSTRAINTS"
"COPAF_AIX";"DEBITO";1;"SEQ_DEBITO_ORA";"NUMBER";22;"N";0;6;22693268;0;0,0000000440659317996861;"NO";1;"Sequencial da tabela";"PK_DEBITO (PRIMARY KEY, ENABLED); SYS_C00270010 (CHECK, ENABLED)"
"COPAF_AIX";"DEBITO";2;"COD_DEVEDOR";"NUMBER";22;"Y";0;7;1480704;0;0,000000675354426002766;"NO";1;"CGF DO CONTRIBUINTE AO QUAL O DEBITO PERTENCE";" (, )"
"COPAF_AIX";"DEBITO";3;"COD_TIP_DEVEDOR";"NUMBER";22;"Y";0;3;6;0;0,166666666666667;"NO";1;"CODIGO DO TIPO DE DEVEDOR";" (, )"
"COPAF_AIX";"DEBITO";4;"SEQ_DEBITO";"NUMBER";22;"Y";0;6;14484480;0;0;"NO";254;"NUMERO SEQUENCIAL QUE IDENTIFICA O DEBITO, O SEQUENCIAL E UNICO E INDEPENDE DO CGF";" (, )"
"COPAF_AIX";"DEBITO";5;"DAT_ANO_INICIO";"NUMBER";22;"Y";0;4;104;0;0,0000000220329658998431;"NO";104;"ANO DE REFERENCIA INICIAL DO DEBITO";" (, )"
"COPAF_AIX";"DEBITO";6;"DAT_MES_INICIO";"NUMBER";22;"Y";0;3;15;0;0,0666666666666667;"NO";1;"MES DE REFERENCIA INICIAL DO DEBITO";" (, )"
"COPAF_AIX";"DEBITO";7;"DAT_ANO_FIM";"NUMBER";22;"Y";0;3;46;0;0,0217391304347826;"NO";1;"ANO DE REFERENCIA FINAL DO DEBITO";" (, )"
"COPAF_AIX";"DEBITO";8;"DAT_MES_FIM";"NUMBER";22;"Y";0;3;13;0;0,0769230769230769;"NO";1;"MES DE REFERENCIA FINAL DO DEBITO";" (, )"
"COPAF_AIX";"DEBITO";9;"COD_INDIC_FINANC";"NUMBER";22;"Y";0;3;9;0;0,111111111111111;"NO";1;"CODIGO DO INDICE FINANCEIRO";" (, )"
"COPAF_AIX";"DEBITO";10;"DAT_VENCIMENTO";"NUMBER";22;"Y";0;6;11464;0;0,0000872295882763433;"NO";1;"DATA DE VENCIMENTO DO DEBITO";" (, )"
"COPAF_AIX";"DEBITO";11;"VLR_PRINCIPAL";"NUMBER";22;"Y";2;5;1490688;0;0,000001;"NO";254;"VALOR PRINCIPAL DO DEBITO SEM CORRECAO";" (, )"
"COPAF_AIX";"DEBITO";12;"VLR_PRINCIPAL_PAGO";"NUMBER";22;"Y";2;4;1359488;0;0;"NO";254;"QUANTIA LIQUIDADA DO DEBITO EM VALORES ORIGINAIS";" (, )"
"COPAF_AIX";"DEBITO";13;"VLR_MULTA";"NUMBER";22;"Y";2;4;468352;0;0,00000213514621481279;"NO";1;"VALOR DA MULTA SEM CORRECAO";" (, )"
"COPAF_AIX";"DEBITO";14;"VLR_MULTA_PAGA";"NUMBER";22;"Y";2;3;308800;0;0,000001;"NO";254;"QUANTIAS LIQUIDADAS DA MULTA EM VALORES ORIGINAIS";" (, )"
"COPAF_AIX";"DEBITO";15;"DAT_INICIO_CORRECAO";"NUMBER";22;"Y";0;6;11600;0;0,0000862068965517241;"NO";1;"DATA A PARTIR DA QUAL O DEBITO SOFRERA CORRECAO MONETARIA";" (, )"
"COPAF_AIX";"DEBITO";16;"COD_TIP_DEBITO";"NUMBER";22;"Y";0;3;19;0;0,0526315789473684;"NO";1;"TIPO DO DEBITO, IDENTIFICA O SISTEMA QUE CONTROLA ESTE DEBITO
1-ICMS NORMAL
2-SUBSTITUICAO
3-AUTO DE INFRACAO
4-ANTECIPACAO
5-PARCELAMENTO
6-DIVIDA ATIVA
7-DESEMPENHO PADRAO
8-IPVA";" (, )"
"COPAF_AIX";"DEBITO";17;"NUM_STATUS";"NUMBER";22;"Y";0;3;49;0;0,0000000220329658998431;"NO";49;"STATUS DO DEBITO, INDICA  A ATUAL SITUACAO DO DEBITO
1-NOTIF. C/ AVISO DE DEBITO
2-DIFERENCA A RECOLHER
3-DEBITO QUITADO MED. AVISO
4-ERRO NO PREENCHIMENTO DO DAE
5-INSCRITO NA DIVIDA ATIVA
6-DEBITO PARC. NA DELEGACIA
7-VALOR RETIFICADO
8-AUTO DE INFRACAO
9-EM DEBITO
10-QUITADO";" (, )"
"COPAF_AIX";"DEBITO";18;"SEQ_TRANSFERENCIA";"NUMBER";22;"Y";0;3;3246336;0;0;"NO";254;"SEQUENCIAL QUE IDENTIFICA O DEBITO PARA O QUAL O MESMO FOI TRANSFERIDO";" (, )"
"COPAF_AIX";"DEBITO";19;"NOM_MOV_USUARIO";"VARCHAR2";24;"Y";;9;2894;0;0,000345542501727713;"NO";1;"NOME MOV USUARIO";" (, )"
"COPAF_AIX";"DEBITO";20;"COD_MOV_SISTEMA";"VARCHAR2";6;"Y";;3;40;0;0,025;"NO";1;"CODIGO MOV SISTEMA";" (, )"
"COPAF_AIX";"DEBITO";21;"DAT_MOV_SISTEMA";"NUMBER";22;"Y";0;6;10684;0;0,0000935979034069637;"NO";1;"DATA MOV SISTEMA";" (, )"
"COPAF_AIX";"DEBITO";22;"COD_HOR_MOV_SISTEMA";"NUMBER";22;"Y";0;4;95040;0;0,0000105218855218855;"NO";1;"HORA MOV SISTEMA";" (, )"
"COPAF_AIX";"DEBITO";23;"SEQ_PARCELAM";"NUMBER";22;"Y";0;3;1078912;0;0;"NO";254;"SEQUENCIAL DO PARCELAMENTO AO QUAL O DEBITO ESTA LIGADO NO ARQUIVO PF-PARCELAMENTO-PAR";" (, )"
"COPAF_AIX";"DEBITO";24;"VLR_PARCELADO";"NUMBER";22;"Y";2;3;330048;0;0,00000302986232305604;"NO";1;"VALOR PARCELADO DO DEBITO. ESTE VALOR SERA O SALDO DEVEDOR (EM VALOR ORIGINAL) NO MOMENTO EM QUE HOUVER O PARCELAMENTO";" (, )"
"COPAF_AIX";"DEBITO";25;"COD_TIP_DOC_ORIGEM";"NUMBER";22;"Y";0;3;7;0;0,142857142857143;"NO";1;"TIPO DO DODOCUMENTO DE ORIGEM
1-AUTO DE INFRACAO
2-AUTO DE INFRACAO E APREENSAO DE MERCADORIAS
3-RECUPERACAO DE CREDITO";" (, )"
"COPAF_AIX";"DEBITO";26;"NUM_DOC_ORIGEM";"NUMBER";22;"Y";0;3;754304;0;0,0000013257254369591;"NO";1;"NUMERO DO DOCUMENTO DE ORIGEM";" (, )"
"COPAF_AIX";"DEBITO";27;"VLR_PRI_ATUAL";"NUMBER";22;"Y";2;4;496192;0;0,000001;"NO";254;"VALOR ATUALIZADO E EM MOEDA CORRENTE DO VALOR PRINCIPAL (VLR-PRINCIPAL-DBT)";" (, )"
"COPAF_AIX";"DEBITO";28;"VLR_COR_ATUAL";"NUMBER";22;"Y";2;3;71840;0;0,0000139198218262806;"NO";1;"VALOR ATUALIZADO E EM MOEDA CORRENTE DA CORRECAO MONETARIA INCIDENTE SOBRE OS VALORES TOTAIS DE PRINCIPAL(VLR-PRINCIPA-DBT) E MULTA (VLR-MULTA-DBT)";" (, )"
"COPAF_AIX";"DEBITO";29;"VLR_MUL_ATUAL";"NUMBER";22;"Y";2;3;264672;0;0,00000377826139523637;"NO";1;"VALOR ATUALIZADO E EM MOEDA CORRENTE DA MULTA TOTAL (VLR-MULTA-DBT)";" (, )"
"COPAF_AIX";"DEBITO";30;"VLR_JUR_ATUAL";"NUMBER";22;"Y";2;3;310528;0;0,00000322032151690025;"NO";1;"VALOR DOS JUROS INCIDENTE SOBRE OS VALORES ATUALIZADOS DE PRINCIPAL, MULTA E CORRECAO MONETARIA";" (, )"
"COPAF_AIX";"DEBITO";31;"DAT_VALID";"NUMBER";22;"Y";0;5;7736;0;0,000129265770423992;"NO";1;"DATA DE VALIDADE DA ULTIMA ATUALIZACAO DO DEBITO. UTILIZADA PARA MARCAR O DIA EM QUE OS CALCULOS SERAO REFEITOS";" (, )"
"COPAF_AIX";"DEBITO";32;"COD_RECEITA";"NUMBER";22;"Y";0;4;64;0;0,0000000220329658998431;"NO";64;"CODIGO DA RECEITA DO DEBITO QUANDO DO SEU PAGAMENTO";" (, )"
"COPAF_AIX";"DEBITO";33;"COD_PRODUTO_SERVICO";"NUMBER";22;"Y";0;3;163;0;0,00613496932515337;"NO";1;"CODIGO DE PRODUTOS X SERVICOS PARA O DETALHAMENTO DO CODIGO DE RECEITA 1120";" (, )"
"COPAF_AIX";"DEBITO";34;"COD_INSCRICAO_OLD";"NUMBER";22;"Y";0;3;749184;0;0,00000133478558004442;"NO";1;"NUMERO DA INSCRICAO NA DIVIDA ATIVA, CASO O DEBITO JA SE ENCONTRE INSCRITO";" (, )"
"COPAF_AIX";"DEBITO";35;"VLR_MULTA_REMISSAO";"NUMBER";22;"Y";2;3;13176;0;0,0000758955676988464;"NO";1;"ACUMULAR OS VALORES DISPENSADOS DE MULTAS E JUROS PELA LEI 12772";" (, )"
"COPAF_AIX";"DEBITO";36;"COD_STATUS_REMISSAO";"NUMBER";22;"Y";0;3;3;0;0,333333333333333;"NO";1;"CODIGO STATUS REMISSAO";" (, )"
"COPAF_AIX";"DEBITO";37;"DSC_OBSERV_SISTEMA";"VARCHAR2";252;"Y";;28;1622144;0;0,000000616468081748599;"NO";1;"OBSERVACOES  SOBRE A ALTERACAO DE  SITUACAO DO  DEBITO";" (, )"
"COPAF_AIX";"DEBITO";38;"DSC_OBSERV_USUARIO";"VARCHAR2";252;"Y";;110;14324;0;0,0000698129014241832;"NO";1;"ARMAZENAR OBSERVACOES SOBRE A ALTERACAO DE SITUACAO DO DEBITO";" (, )"
"COPAF_AIX";"DEBITO";39;"NUM_IDE_HISTORICO";"NUMBER";22;"Y";0;3;2114560;0;0,000000472911622276029;"NO";1;"IDENTIFICADOR DO HISTORICO DO DEBITO, COMPOSTO DE ANO (4 POSICOES) + SEQUENCIAL (7 POSICOES)";" (, )"
"COPAF_AIX";"DEBITO";40;"VLR_REFIS";"NUMBER";22;"Y";2;3;776;0;0,00128865979381443;"NO";1;"VALOR ACUMULADO CORRESPONDENTE A DIFERENCA ENTRE O VALOR PAGO DA PARCELA COM REFIS E SEM REFIS MENSALMENTE. UTILIZADO EM CASO DE PERDA DE PARCELAMENTO, PARA RETORNAR O VALOR DOS DEBITOS SEM REFIS";" (, )"
"COPAF_AIX";"DEBITO";41;"COD_TIPO_PAGTO_REFIS";"NUMBER";22;"Y";0;3;9;0;0,111111111111111;"NO";1;"CODIGO DO TIPO DE PAGAMENTO
1 - SOLIC. PAGTO A VISTA(REFIS)
2 - PAGO A VISTA (REFIS)";" (, )"
"COPAF_AIX";"DEBITO";42;"NUM_CHASSI";"VARCHAR2";75;"Y";;26;1232640;0;0,000000811266874350986;"NO";1;"SE O DEBITO FOR DE IPVA, ENTAO SERA GRAVADO O NUMERO DO CHASSI DO VEICULO AO QUAL O DEBITO SE REFERE";" (, )"
"COPAF_AIX";"DEBITO";43;"COD_STATUS_ACUMULADO";"NUMBER";22;"Y";0;3;4;0;0,25;"NO";1;"CODIGO DO STATUS ACUMULADO";" (, )"
"COPAF_AIX";"DEBITO";44;"DAT_VEN_ACUMULADO";"NUMBER";22;"Y";0;3;247;0;0,00404858299595142;"NO";1;"DATA VENCIMENTO ACUMULADO";" (, )"
"COPAF_AIX";"DEBITO";45;"COD_ATUALIZA_REFIS2002";"NUMBER";22;"Y";0;3;2;0;0,5;"NO";1;"CODIGO ATUALIZACAO REFIS 2002";" (, )"
"COPAF_AIX";"DEBITO";46;"VLR_PRI_REFIS2002";"NUMBER";22;"Y";2;3;87936;0;0,0000113719068413391;"NO";1;"VALOR PRINCIPAL REFIS 2002";" (, )"
"COPAF_AIX";"DEBITO";47;"VLR_MUL_REFIS2002";"NUMBER";22;"Y";2;3;59232;0;0,0000168827660723933;"NO";1;"VALOR MULTA REFIS 2002";" (, )"
"COPAF_AIX";"DEBITO";48;"VLR_JUR_REFIS2002";"NUMBER";22;"Y";2;3;80624;0;0,0000124032546140107;"NO";1;"VALOR JUROS REFIS 2002";" (, )"
"COPAF_AIX";"DEBITO";49;"VLR_COR_REFIS2002";"NUMBER";22;"Y";2;3;20456;0;0,0000488854125928823;"NO";1;"VALOR CORRIGIDO REFIS 2002";" (, )"
"COPAF_AIX";"DEBITO";50;"VLR_PRI_AUXILIAR";"NUMBER";22;"Y";2;3;160576;0;0,00000622758070944599;"NO";1;"VALOR PRINCIPAL AUXILIAR";" (, )"
"COPAF_AIX";"DEBITO";51;"NUM_TERMO_NOTIFICACAO";"NUMBER";22;"Y";0;2;1;0;0,0000000221984452187465;"NO";1;"NUMERO DO TERMO DE NOTIFICACAO";" (, )"
"COPAF_AIX";"DEBITO";52;"STA_ENVIADO_SPED";"NUMBER";22;"Y";0;2;1;0;1;"NO";1;"STATUS ENVIADO SPED";" (, )"
"COPAF_AIX";"DEBITO";53;"COD_TIP_TRA_ITCD";"NUMBER";22;"Y";0;3;3;0;0,333333333333333;"NO";1;"";" (, )"
"COPAF_AIX";"DEBITO";54;"COD_TIP_NATUREZA_ITCD";"NUMBER";22;"Y";0;3;24;0;0,0416666666666667;"NO";1;"TIPO NATUREZA TRANSACAO DE UMA GUIA DE ITCD";" (, )"
"COPAF_AIX";"DEBITO";55;"SEQ_DEBITO_ORIGEM_CC";"NUMBER";22;"Y";0;5;10454016;0;0;"NO";254;"SEQUENCIAL DO DEBITO ORIGEM CC";" (, )"
"COPAF_AIX";"DEBITO";56;"COD_INSC_ATUAL";"NUMBER";22;"Y";0;6;2592512;0;0;"NO";254;"CODIGO DA INSCRICAO ATUAL";" (, )"
"COPAF_AIX";"DEBITO";57;"COD_INSC_ATUAL_PGE";"NUMBER";22;"Y";0;2;1;0;1;"NO";1;"CODIGO DA INSCRICAO ATUAL PGE";" (, )"
"COPAF_AIX";"DEBITO";58;"COD_DEBITO_MIGRADO";"NUMBER";22;"Y";0;3;2;0;0,5;"NO";1;"INDICA SE O DÉBITO FOI MIGRADO PARA O CONTA-CORRENTE(ORACLE)";" (, )"
"COPAF_AIX";"DEBITO_TEMP";1;"SEQ_DEBITO_ORA";"NUMBER";22;"Y";0;0;0;0;0;"NO";0;"Sequencial da tabela";" (, )"
"COPAF_AIX";"DEBITO_TEMP";2;"COD_DEVEDOR";"NUMBER";22;"Y";0;0;0;0;0;"NO";0;"CGF DO CONTRIBUINTE AO QUAL O DEBITO PERTENCE";" (, )"
"COPAF_AIX";"DEBITO_TEMP";3;"COD_TIP_DEVEDOR";"NUMBER";22;"Y";0;0;0;0;0;"NO";0;"CODIGO DO TIPO DE DEVEDOR";" (, )"
"COPAF_AIX";"DEBITO_TEMP";4;"SEQ_DEBITO";"NUMBER";22;"Y";0;0;0;0;0;"NO";0;"NUMERO SEQUENCIAL QUE IDENTIFICA O DEBITO, O SEQUENCIAL E UNICO E INDEPENDE DO CGF";" (, )"
"COPAF_AIX";"DEBITO_TEMP";5;"DAT_ANO_INICIO";"NUMBER";22;"Y";0;0;0;0;0;"NO";0;"ANO DE REFERENCIA INICIAL DO DEBITO";" (, )"
"COPAF_AIX";"DEBITO_TEMP";6;"DAT_MES_INICIO";"NUMBER";22;"Y";0;0;0;0;0;"NO";0;"MES DE REFERENCIA INICIAL DO DEBITO";" (, )"
"COPAF_AIX";"DEBITO_TEMP";7;"DAT_ANO_FIM";"NUMBER";22;"Y";0;0;0;0;0;"NO";0;"ANO DE REFERENCIA FINAL DO DEBITO";" (, )"
"COPAF_AIX";"DEBITO_TEMP";8;"DAT_MES_FIM";"NUMBER";22;"Y";0;0;0;0;0;"NO";0;"MES DE REFERENCIA FINAL DO DEBITO";" (, )"
"COPAF_AIX";"DEBITO_TEMP";9;"COD_INDIC_FINANC";"NUMBER";22;"Y";0;0;0;0;0;"NO";0;"CODIGO DO INDICE FINANCEIRO";" (, )"
"COPAF_AIX";"DEBITO_TEMP";10;"DAT_VENCIMENTO";"NUMBER";22;"Y";0;0;0;0;0;"NO";0;"DATA DE VENCIMENTO DO DEBITO";" (, )"
"COPAF_AIX";"DEBITO_TEMP";11;"VLR_PRINCIPAL";"NUMBER";22;"Y";2;0;0;0;0;"NO";0;"VALOR PRINCIPAL DO DEBITO SEM CORRECAO";" (, )"
"COPAF_AIX";"DEBITO_TEMP";12;"VLR_PRINCIPAL_PAGO";"NUMBER";22;"Y";2;0;0;0;0;"NO";0;"QUANTIA LIQUIDADA DO DEBITO EM VALORES ORIGINAIS";" (, )"
"COPAF_AIX";"DEBITO_TEMP";13;"VLR_MULTA";"NUMBER";22;"Y";2;0;0;0;0;"NO";0;"VALOR DA MULTA SEM CORRECAO";" (, )"
"COPAF_AIX";"DEBITO_TEMP";14;"VLR_MULTA_PAGA";"NUMBER";22;"Y";2;0;0;0;0;"NO";0;"QUANTIAS LIQUIDADAS DA MULTA EM VALORES ORIGINAIS";" (, )"
"COPAF_AIX";"DEBITO_TEMP";15;"DAT_INICIO_CORRECAO";"NUMBER";22;"Y";0;0;0;0;0;"NO";0;"DATA A PARTIR DA QUAL O DEBITO SOFRERA CORRECAO MONETARIA";" (, )"
"COPAF_AIX";"DEBITO_TEMP";16;"COD_TIP_DEBITO";"NUMBER";22;"Y";0;0;0;0;0;"NO";0;"TIPO DO DEBITO, IDENTIFICA O SISTEMA QUE CONTROLA ESTE DEBITO
1-ICMS NORMAL
2-SUBSTITUICAO
3-AUTO DE INFRACAO
4-ANTECIPACAO
5-PARCELAMENTO
6-DIVIDA ATIVA
7-DESEMPENHO PADRAO
8-IPVA";" (, )"
"COPAF_AIX";"DEBITO_TEMP";17;"NUM_STATUS";"NUMBER";22;"Y";0;0;0;0;0;"NO";0;"STATUS DO DEBITO, INDICA  A ATUAL SITUACAO DO DEBITO
1-NOTIF. C/ AVISO DE DEBITO
2-DIFERENCA A RECOLHER
3-DEBITO QUITADO MED. AVISO
4-ERRO NO PREENCHIMENTO DO DAE
5-INSCRITO NA DIVIDA ATIVA
6-DEBITO PARC. NA DELEGACIA
7-VALOR RETIFICADO
8-AUTO DE INFRACAO
9-EM DEBITO
10-QUITADO";" (, )"
"COPAF_AIX";"DEBITO_TEMP";18;"SEQ_TRANSFERENCIA";"NUMBER";22;"Y";0;0;0;0;0;"NO";0;"SEQUENCIAL QUE IDENTIFICA O DEBITO PARA O QUAL O MESMO FOI TRANSFERIDO";" (, )"
"COPAF_AIX";"DEBITO_TEMP";19;"NOM_MOV_USUARIO";"VARCHAR2";24;"Y";;0;0;0;0;"NO";0;"NOME MOV USUARIO";" (, )"
"COPAF_AIX";"DEBITO_TEMP";20;"COD_MOV_SISTEMA";"VARCHAR2";6;"Y";;0;0;0;0;"NO";0;"CODIGO MOV SISTEMA";" (, )"
"COPAF_AIX";"DEBITO_TEMP";21;"DAT_MOV_SISTEMA";"NUMBER";22;"Y";0;0;0;0;0;"NO";0;"DATA MOV SISTEMA";" (, )"
"COPAF_AIX";"DEBITO_TEMP";22;"COD_HOR_MOV_SISTEMA";"NUMBER";22;"Y";0;0;0;0;0;"NO";0;"HORA MOV SISTEMA";" (, )"
"COPAF_AIX";"DEBITO_TEMP";23;"SEQ_PARCELAM";"NUMBER";22;"Y";0;0;0;0;0;"NO";0;"SEQUENCIAL DO PARCELAMENTO AO QUAL O DEBITO ESTA LIGADO NO ARQUIVO PF-PARCELAMENTO-PAR";" (, )"
"COPAF_AIX";"DEBITO_TEMP";24;"VLR_PARCELADO";"NUMBER";22;"Y";2;0;0;0;0;"NO";0;"VALOR PARCELADO DO DEBITO. ESTE VALOR SERA O SALDO DEVEDOR (EM VALOR ORIGINAL) NO MOMENTO EM QUE HOUVER O PARCELAMENTO";" (, )"
"COPAF_AIX";"DEBITO_TEMP";25;"COD_TIP_DOC_ORIGEM";"NUMBER";22;"Y";0;0;0;0;0;"NO";0;"TIPO DO DODOCUMENTO DE ORIGEM
1-AUTO DE INFRACAO
2-AUTO DE INFRACAO E APREENSAO DE MERCADORIAS
3-RECUPERACAO DE CREDITO";" (, )"
"COPAF_AIX";"DEBITO_TEMP";26;"NUM_DOC_ORIGEM";"NUMBER";22;"Y";0;0;0;0;0;"NO";0;"NUMERO DO DOCUMENTO DE ORIGEM";" (, )"
"COPAF_AIX";"DEBITO_TEMP";27;"VLR_PRI_ATUAL";"NUMBER";22;"Y";2;0;0;0;0;"NO";0;"VALOR ATUALIZADO E EM MOEDA CORRENTE DO VALOR PRINCIPAL (VLR-PRINCIPAL-DBT)";" (, )"
"COPAF_AIX";"DEBITO_TEMP";28;"VLR_COR_ATUAL";"NUMBER";22;"Y";2;0;0;0;0;"NO";0;"VALOR ATUALIZADO E EM MOEDA CORRENTE DA CORRECAO MONETARIA INCIDENTE SOBRE OS VALORES TOTAIS DE PRINCIPAL(VLR-PRINCIPA-DBT) E MULTA (VLR-MULTA-DBT)";" (, )"
"COPAF_AIX";"DEBITO_TEMP";29;"VLR_MUL_ATUAL";"NUMBER";22;"Y";2;0;0;0;0;"NO";0;"VALOR ATUALIZADO E EM MOEDA CORRENTE DA MULTA TOTAL (VLR-MULTA-DBT)";" (, )"
"COPAF_AIX";"DEBITO_TEMP";30;"VLR_JUR_ATUAL";"NUMBER";22;"Y";2;0;0;0;0;"NO";0;"VALOR DOS JUROS INCIDENTE SOBRE OS VALORES ATUALIZADOS DE PRINCIPAL, MULTA E CORRECAO MONETARIA";" (, )"
"COPAF_AIX";"DEBITO_TEMP";31;"DAT_VALID";"NUMBER";22;"Y";0;0;0;0;0;"NO";0;"DATA DE VALIDADE DA ULTIMA ATUALIZACAO DO DEBITO. UTILIZADA PARA MARCAR O DIA EM QUE OS CALCULOS SERAO REFEITOS";" (, )"
"COPAF_AIX";"DEBITO_TEMP";32;"COD_RECEITA";"NUMBER";22;"Y";0;0;0;0;0;"NO";0;"CODIGO DA RECEITA DO DEBITO QUANDO DO SEU PAGAMENTO";" (, )"
"COPAF_AIX";"DEBITO_TEMP";33;"COD_PRODUTO_SERVICO";"NUMBER";22;"Y";0;0;0;0;0;"NO";0;"CODIGO DE PRODUTOS X SERVICOS PARA O DETALHAMENTO DO CODIGO DE RECEITA 1120";" (, )"
"COPAF_AIX";"DEBITO_TEMP";34;"COD_INSCRICAO_OLD";"NUMBER";22;"Y";0;0;0;0;0;"NO";0;"NUMERO DA INSCRICAO NA DIVIDA ATIVA, CASO O DEBITO JA SE ENCONTRE INSCRITO";" (, )"
"COPAF_AIX";"DEBITO_TEMP";35;"VLR_MULTA_REMISSAO";"NUMBER";22;"Y";2;0;0;0;0;"NO";0;"ACUMULAR OS VALORES DISPENSADOS DE MULTAS E JUROS PELA LEI 12772";" (, )"
"COPAF_AIX";"DEBITO_TEMP";36;"COD_STATUS_REMISSAO";"NUMBER";22;"Y";0;0;0;0;0;"NO";0;"CODIGO STATUS REMISSAO";" (, )"
"COPAF_AIX";"DEBITO_TEMP";37;"DSC_OBSERV_SISTEMA";"VARCHAR2";252;"Y";;0;0;0;0;"NO";0;"OBSERVACOES  SOBRE A ALTERACAO DE  SITUACAO DO  DEBITO";" (, )"
"COPAF_AIX";"DEBITO_TEMP";38;"DSC_OBSERV_USUARIO";"VARCHAR2";252;"Y";;0;0;0;0;"NO";0;"ARMAZENAR OBSERVACOES SOBRE A ALTERACAO DE SITUACAO DO DEBITO";" (, )"
"COPAF_AIX";"DEBITO_TEMP";39;"NUM_IDE_HISTORICO";"NUMBER";22;"Y";0;0;0;0;0;"NO";0;"IDENTIFICADOR DO HISTORICO DO DEBITO, COMPOSTO DE ANO (4 POSICOES) + SEQUENCIAL (7 POSICOES)";" (, )"
"COPAF_AIX";"DEBITO_TEMP";40;"VLR_REFIS";"NUMBER";22;"Y";2;0;0;0;0;"NO";0;"VALOR ACUMULADO CORRESPONDENTE A DIFERENCA ENTRE O VALOR PAGO DA PARCELA COM REFIS E SEM REFIS MENSALMENTE. UTILIZADO EM CASO DE PERDA DE PARCELAMENTO, PARA RETORNAR O VALOR DOS DEBITOS SEM REFIS";" (, )"
"COPAF_AIX";"DEBITO_TEMP";41;"COD_TIPO_PAGTO_REFIS";"NUMBER";22;"Y";0;0;0;0;0;"NO";0;"CODIGO DO TIPO DE PAGAMENTO
1 - SOLIC. PAGTO A VISTA(REFIS)
2 - PAGO A VISTA (REFIS)";" (, )"
"COPAF_AIX";"DEBITO_TEMP";42;"NUM_CHASSI";"VARCHAR2";75;"Y";;0;0;0;0;"NO";0;"SE O DEBITO FOR DE IPVA, ENTAO SERA GRAVADO O NUMERO DO CHASSI DO VEICULO AO QUAL O DEBITO SE REFERE";" (, )"
"COPAF_AIX";"DEBITO_TEMP";43;"COD_STATUS_ACUMULADO";"NUMBER";22;"Y";0;0;0;0;0;"NO";0;"CODIGO DO STATUS ACUMULADO";" (, )"
"COPAF_AIX";"DEBITO_TEMP";44;"DAT_VEN_ACUMULADO";"NUMBER";22;"Y";0;0;0;0;0;"NO";0;"DATA VENCIMENTO ACUMULADO";" (, )"
"COPAF_AIX";"DEBITO_TEMP";45;"COD_ATUALIZA_REFIS2002";"NUMBER";22;"Y";0;0;0;0;0;"NO";0;"CODIGO ATUALIZACAO REFIS 2002";" (, )"
"COPAF_AIX";"DEBITO_TEMP";46;"VLR_PRI_REFIS2002";"NUMBER";22;"Y";2;0;0;0;0;"NO";0;"VALOR PRINCIPAL REFIS 2002";" (, )"
"COPAF_AIX";"DEBITO_TEMP";47;"VLR_MUL_REFIS2002";"NUMBER";22;"Y";2;0;0;0;0;"NO";0;"VALOR MULTA REFIS 2002";" (, )"
"COPAF_AIX";"DEBITO_TEMP";48;"VLR_JUR_REFIS2002";"NUMBER";22;"Y";2;0;0;0;0;"NO";0;"VALOR JUROS REFIS 2002";" (, )"
"COPAF_AIX";"DEBITO_TEMP";49;"VLR_COR_REFIS2002";"NUMBER";22;"Y";2;0;0;0;0;"NO";0;"VALOR CORRIGIDO REFIS 2002";" (, )"
"COPAF_AIX";"DEBITO_TEMP";50;"VLR_PRI_AUXILIAR";"NUMBER";22;"Y";2;0;0;0;0;"NO";0;"VALOR PRINCIPAL AUXILIAR";" (, )"
"COPAF_AIX";"DEBITO_TEMP";51;"NUM_TERMO_NOTIFICACAO";"NUMBER";22;"Y";0;0;0;0;0;"NO";0;"NUMERO DO TERMO DE NOTIFICACAO";" (, )"
"COPAF_AIX";"DEBITO_TEMP";52;"STA_ENVIADO_SPED";"NUMBER";22;"Y";0;0;0;0;0;"NO";0;"STATUS ENVIADO SPED";" (, )"
"COPAF_AIX";"DEBITO_TEMP";53;"COD_TIP_TRA_ITCD";"NUMBER";22;"Y";0;0;0;0;0;"NO";0;"TIPO TRANSMISSAO DE UMA GUIA ITCD
1 - INTERVIVOS
2 - CAUSA MORTIS";" (, )"
"COPAF_AIX";"DEBITO_TEMP";54;"COD_TIP_NATUREZA_ITCD";"NUMBER";22;"Y";0;0;0;0;0;"NO";0;"TIPO NATUREZA TRANSACAO DE UMA GUIA DE ITCD";" (, )"
"COPAF_AIX";"DEBITO_TEMP";55;"SEQ_DEBITO_ORIGEM_CC";"NUMBER";22;"Y";0;0;0;0;0;"NO";0;"SEQUENCIAL DO DEBITO ORIGEM CC";" (, )"
"COPAF_AIX";"DEBITO_TEMP";56;"COD_INSC_ATUAL";"NUMBER";22;"Y";0;0;0;0;0;"NO";0;"CODIGO DA INSCRICAO ATUAL";" (, )"
"COPAF_AIX";"DEBITO_TEMP";57;"COD_INSC_ATUAL_PGE";"NUMBER";22;"Y";0;0;0;0;0;"NO";0;"CODIGO DA INSCRICAO ATUAL PGE";" (, )"
"COPAF_AIX";"DEBITO_TEMP";58;"COD_DEBITO_MIGRADO";"NUMBER";22;"Y";0;0;0;0;0;"NO";0;"INDICA SE O DÉBITO FOI MIGRADO PARA O CONTA-CORRENTE(ORACLE)";" (, )"
"COPAF_AIX";"PF_PARCELA_DBT";1;"SEQ_PARCELA_DBT";"NUMBER";22;"N";0;6;27306779;0;0,0000000366209430998801;"NO";1;"Sequencial da tabela parcelamento";"PK_PF_PARCELA_DBT (PRIMARY KEY, ENABLED); SYS_C00270008 (CHECK, ENABLED)"
"COPAF_AIX";"PF_PARCELA_DBT";2;"SEQ_DEBITO";"NUMBER";22;"Y";0;6;10209280;0;0;"NO";254;"Sequencial do débito correspondente";" (, )"
"COPAF_AIX";"PF_PARCELA_DBT";3;"SEQ_PARCELA_DEB";"NUMBER";22;"Y";0;4;757;0;0,00000001831047154994;"NO";254;"Sequencial da parcela do débito";" (, )"
"COPAF_AIX";"PF_PARCELA_DBT";4;"DAT_ARRECADACAO";"NUMBER";22;"Y";0;6;10428;0;0,000096;"NO";254;"Data da arrecadação";" (, )"
"COPAF_AIX";"PF_PARCELA_DBT";5;"NUM_PARCELA";"NUMBER";22;"Y";0;3;122;0;0,00819672131147541;"NO";1;"Número da parcela";" (, )"
"COPAF_AIX";"PF_PARCELA_DBT";6;"VLR_PRINCIPAL";"NUMBER";22;"Y";2;5;1129216;0;0,000001;"NO";254;"Valor principal da parcela";" (, )"
"COPAF_AIX";"PF_PARCELA_DBT";7;"VLR_MULTA";"NUMBER";22;"Y";2;4;180160;0;0,000005550621669627;"NO";1;"Valor da multa da parcela";" (, )"
"COPAF_AIX";"PF_PARCELA_DBT";8;"VLR_JUROS";"NUMBER";22;"Y";2;4;190336;0;0,00000525386684599866;"NO";1;"Valor do juros da parcela";" (, )"
"COPAF_AIX";"PF_PARCELA_DBT";9;"VLR_CORRECAO";"NUMBER";22;"Y";2;3;40440;0;0,0000247279920870425;"NO";1;"Valor da correcao da parcela";" (, )"
"COPAF_AIX";"PF_PARCELA_DBT";10;"VLR_HONORARIOS";"NUMBER";22;"Y";2;3;26484;0;0,0000377586467301012;"NO";1;"Valor pago de honorários desta parcela-débito";" (, )"
"COPAF_AIX";"PF_PARCELA_DBT";11;"NUM_ID_DAE";"VARCHAR2";30;"Y";;0;0;27306779;0;"NO";0;"Número identificador do DAE";" (, )"
"COPAF_AIX";"PF_PARCELA_DBT";12;"COD_IDENTIFICADOR_UNI";"NUMBER";22;"Y";0;10;14228480;0;0,0000000702815761065131;"NO";1;"Identificador único do DAE";" (, )"
"COPAF_AIX";"PF_PARCELA_DBT";13;"NUM_PERCENTUAL";"NUMBER";22;"Y";2;3;11572;0;0,0000864154856550294;"NO";1;"Número do percentual";" (, )"
"COPAF_AIX";"PF_PARCELA_DBT";14;"COD_FORMA_PAGAMENTO";"NUMBER";22;"Y";0;3;9;0;0,111111111111111;"NO";1;"Forma de pagamento (1-Dinheiro em espécie, 2-Conversão em renda)";" (, )"
"COPAF_AIX";"PF_PARCELA_DBT";15;"VLR_ENCARGOS";"NUMBER";22;"Y";2;3;39200;0;0,0000255102040816326;"NO";1;"Valor de encargos legais sobre a divida ativa";" (, )"
"COPAF_AIX";"PF_PARCELA_DBT_TEMP";1;"SEQ_PARCELA_DBT";"NUMBER";22;"Y";0;0;0;0;0;"NO";0;"Sequencial da tabela parcelamento";" (, )"
"COPAF_AIX";"PF_PARCELA_DBT_TEMP";2;"SEQ_DEBITO";"NUMBER";22;"Y";0;0;0;0;0;"NO";0;"Sequencial do débito correspondente";" (, )"
"COPAF_AIX";"PF_PARCELA_DBT_TEMP";3;"SEQ_PARCELA_DEB";"NUMBER";22;"Y";0;0;0;0;0;"NO";0;"Sequencial da parcela do débito";" (, )"
"COPAF_AIX";"PF_PARCELA_DBT_TEMP";4;"DAT_ARRECADACAO";"NUMBER";22;"Y";0;0;0;0;0;"NO";0;"Data da arrecadação";" (, )"
"COPAF_AIX";"PF_PARCELA_DBT_TEMP";5;"NUM_PARCELA";"NUMBER";22;"Y";0;0;0;0;0;"NO";0;"Número da parcela";" (, )"
"COPAF_AIX";"PF_PARCELA_DBT_TEMP";6;"VLR_PRINCIPAL";"NUMBER";22;"Y";2;0;0;0;0;"NO";0;"Valor principal da parcela";" (, )"
"COPAF_AIX";"PF_PARCELA_DBT_TEMP";7;"VLR_MULTA";"NUMBER";22;"Y";2;0;0;0;0;"NO";0;"Valor da multa da parcela";" (, )"
"COPAF_AIX";"PF_PARCELA_DBT_TEMP";8;"VLR_JUROS";"NUMBER";22;"Y";2;0;0;0;0;"NO";0;"Valor do juros da parcela";" (, )"
"COPAF_AIX";"PF_PARCELA_DBT_TEMP";9;"VLR_CORRECAO";"NUMBER";22;"Y";2;0;0;0;0;"NO";0;"Valor da correcao da parcela";" (, )"
"COPAF_AIX";"PF_PARCELA_DBT_TEMP";10;"VLR_HONORARIOS";"NUMBER";22;"Y";2;0;0;0;0;"NO";0;"Valor pago de honorários desta parcela-débito";" (, )"
"COPAF_AIX";"PF_PARCELA_DBT_TEMP";11;"NUM_ID_DAE";"VARCHAR2";30;"Y";;0;0;0;0;"NO";0;"Número identificador do DAE";" (, )"
"COPAF_AIX";"PF_PARCELA_DBT_TEMP";12;"COD_IDENTIFICADOR_UNI";"NUMBER";22;"Y";0;0;0;0;0;"NO";0;"Identificador único do DAE";" (, )"
"COPAF_AIX";"PF_PARCELA_DBT_TEMP";13;"NUM_PERCENTUAL";"NUMBER";22;"Y";2;0;0;0;0;"NO";0;"Número do percentual";" (, )"
"COPAF_AIX";"PF_PARCELA_DBT_TEMP";14;"COD_FORMA_PAGAMENTO";"NUMBER";22;"Y";0;0;0;0;0;"NO";0;"Forma de pagamento (1-Dinheiro em espécie, 2-Conversão em renda)";" (, )"
"COPAF_AIX";"PF_PARCELA_DBT_TEMP";15;"VLR_ENCARGOS";"NUMBER";22;"Y";2;0;0;0;0;"NO";0;"Valor de encargos legais sobre a divida ativa";" (, )"
"COPAF_AIX";"PF_PARCELAMENTO";1;"SEQ_PARCELAM_ORA";"NUMBER";22;"N";0;6;1283616;0;0,00000077904918604941;"NO";1;"Sequencial da tabela parcelamento";"PK_PF_PARCELAMENTO (PRIMARY KEY, ENABLED); SYS_C00270009 (CHECK, ENABLED)"
"COPAF_AIX";"PF_PARCELAMENTO";2;"COD_TIP_DEVEDOR";"NUMBER";22;"Y";0;3;5;0;0,2;"NO";1;"Tipo do identificador do devedor (1-CGF, 2-CGC, 3-CPF, 4-Pessoas sem identificadores)";" (, )"
"COPAF_AIX";"PF_PARCELAMENTO";3;"COD_DEVEDOR";"NUMBER";22;"Y";0;8;476320;0;0,00000209942895532415;"NO";1;"Identificador do arquivo de devedores";" (, )"
"COPAF_AIX";"PF_PARCELAMENTO";4;"SEQ_PARCELAMENTO";"NUMBER";22;"Y";0;6;1275776;0;0,000000783836660981238;"NO";1;"Sequencial do parcelamento";" (, )"
"COPAF_AIX";"PF_PARCELAMENTO";5;"COD_ORGAO_LOCAL";"NUMBER";22;"Y";0;6;53;0;0,0188679245283019;"NO";1;"Código do órgão local";" (, )"
"COPAF_AIX";"PF_PARCELAMENTO";6;"DAT_ABERTURA";"NUMBER";22;"Y";0;6;8816;0;0,000113430127041742;"NO";1;"Data de abertura do parcelamento";" (, )"
"COPAF_AIX";"PF_PARCELAMENTO";7;"DAT_FINAL";"NUMBER";22;"Y";0;5;9020;0;0,000110864745011086;"NO";1;"Data do encerramento do parcelamento";" (, )"
"COPAF_AIX";"PF_PARCELAMENTO";8;"NUM_PARCELAS";"NUMBER";22;"Y";0;4;121;0;0,00826446280991736;"NO";1;"Total de parcelas";" (, )"
"COPAF_AIX";"PF_PARCELAMENTO";9;"NUM_PARCELAS_INI";"NUMBER";22;"Y";0;3;34;0;0,0294117647058824;"NO";1;"Número de Parcelas que ja foram pagas inicialmente";" (, )"
"COPAF_AIX";"PF_PARCELAMENTO";10;"DSC_OBSERVACAO";"VARCHAR2";300;"Y";;5;26510;1168011;0,0000377216144851;"NO";1;"Observação do usuário";" (, )"
"COPAF_AIX";"PF_PARCELAMENTO";11;"COD_STATUS";"NUMBER";22;"Y";0;3;15;0;0,000000389524593024705;"NO";15;"Status do parcelamento
20-Pendente na delegacia
21-Cancelado na delegacia
22-Ativo na delegacia
23-Enviado a divida ativa
24-Inscrito na divida ativa
25-Liquidado na dívida
26-Pendente na dívida
27-Cancelado na dívida ativa
28-Ativo na dívida ativa
28-Ativo na dívida ativa
29-Perda do beneficio do parcelamenteo na dívida ativa
30-Liquidado na dívida ativa";" (, )"
"COPAF_AIX";"PF_PARCELAMENTO";12;"NUM_PROCESSO";"NUMBER";22;"Y";0;3;7375;0;0,000135593220338983;"NO";1;"Número do processo";" (, )"
"COPAF_AIX";"PF_PARCELAMENTO";13;"COD_USUARIO";"VARCHAR2";24;"Y";;9;1136;1;0,000880281690140845;"NO";1;"Usuário da última atualização no registro";" (, )"
"COPAF_AIX";"PF_PARCELAMENTO";14;"DAT_ATUALIZACAO";"NUMBER";22;"Y";0;6;8936;0;0,000111906893464637;"NO";1;"Data da última atualização";" (, )"
"COPAF_AIX";"PF_PARCELAMENTO";15;"NUM_HOR_ATUALIZACAO";"NUMBER";22;"Y";0;4;1439;0;0,000694927032661571;"NO";1;"Hora da última atualização do registro";" (, )"
"COPAF_AIX";"PF_PARCELAMENTO";16;"COD_ATUALIZACAO";"NUMBER";22;"Y";0;3;6;0;0,166666666666667;"NO";1;"Tipo de atualização do registro
1-Inclusão
3-Alteração";" (, )"
"COPAF_AIX";"PF_PARCELAMENTO";17;"NUM_INSCRICOES";"NUMBER";22;"Y";0;3;20;0;0,05;"NO";1;"Inscrição da dívida ativa";" (, )"
"COPAF_AIX";"PF_PARCELAMENTO";18;"NUM_PARCELAS_PAG";"NUMBER";22;"Y";0;3;97;0;0,0103092783505155;"NO";1;"Número de parcelas pagas";" (, )"
"COPAF_AIX";"PF_PARCELAMENTO";19;"NUM_PARCELAS_INA";"NUMBER";22;"Y";0;3;60;0;0,0166666666666667;"NO";1;"Número de parcelas inadimplentes";" (, )"
"COPAF_AIX";"PF_PARCELAMENTO";20;"DAT_ULTIMO_PGTO";"NUMBER";22;"Y";0;4;6324;0;0,000158127767235927;"NO";1;"Data do último pagamento efetuado";" (, )"
"COPAF_AIX";"PF_PARCELAMENTO";21;"NUM_DIAS_ATRASO";"NUMBER";22;"Y";0;3;950;0;0,00105263157894737;"NO";1;"Quantidade de dias em atraso";" (, )"
"COPAF_AIX";"PF_PARCELAMENTO";22;"COD_SITUACAO";"NUMBER";22;"Y";0;3;4;0;0,25;"NO";1;"Situação do parcelamento
1-Omissos
2-Que devem ser liquidados
3-Em dia";" (, )"
"COPAF_AIX";"PF_PARCELAMENTO";23;"VLR_DEVIDO";"NUMBER";22;"Y";2;3;103456;0;0,00000966594494277761;"NO";1;"Saldo em atraso";" (, )"
"COPAF_AIX";"PF_PARCELAMENTO";24;"NUM_ID_CARTA";"NUMBER";22;"Y";0;3;10;0;0,1;"NO";1;"Identificador da emissão da carta de intimação";" (, )"
"COPAF_AIX";"PF_PARCELAMENTO";25;"SEQ_PARCELAMENTO_TRA";"NUMBER";22;"Y";0;3;11582;0;0,000002;"NO";53;"Sequencial de reparcelamento";" (, )"
"COPAF_AIX";"PF_PARCELAMENTO";26;"COD_TIP_FIANCA";"NUMBER";22;"Y";0;3;3;0;0,333333333333333;"NO";1;"Tipo de financiamento
1-BANCARIA
2-PESSOAL
3-GARANTIAL REAL";" (, )"
"COPAF_AIX";"PF_PARCELAMENTO";27;"COD_CGC_FIANCA";"NUMBER";22;"Y";0;3;97;0;0,0103092783505155;"NO";1;"CGC do fiador bancário";" (, )"
"COPAF_AIX";"PF_PARCELAMENTO";28;"NOM_FIADOR_FIANCA";"VARCHAR2";180;"Y";;2;1;1283614;1;"NO";1;"Nome do banco fiador";" (, )"
"COPAF_AIX";"PF_PARCELAMENTO";29;"NUM_REG_FIA_BEM";"VARCHAR2";60;"Y";;2;11;1283599;0,0909090909090909;"NO";1;"Número da fiança ou registro do bem";" (, )"
"COPAF_AIX";"PF_PARCELAMENTO";30;"DSC_BEM_GARANTIA";"VARCHAR2";300;"Y";;2;16;1283599;0,0625;"NO";1;"Descrição do bem informado como garantia real";" (, )"
"COPAF_AIX";"PF_PARCELAMENTO";31;"COD_STA_REMISSAO";"NUMBER";22;"Y";0;3;3;0;0,333333333333333;"NO";1;"Indicador se parcelamento tem direito ao desconto LEI 12772";" (, )"
"COPAF_AIX";"PF_PARCELAMENTO";32;"DAT_PED_REMISSAO";"NUMBER";22;"Y";0;3;206;0;0,00485436893203883;"NO";1;"Data efetivação do requerimento ao benefício LEI 12772";" (, )"
"COPAF_AIX";"PF_PARCELAMENTO";33;"COD_FLG_REFIS";"NUMBER";22;"Y";0;3;16;0;0,0625;"NO";1;"Indicador do parcelamento de REFIS
0-Sem REFIS
1-REFIS 2000
2-REFIS 2002
3-REFIS 2003
4-REFIS 2004
5-REFIS 2009
7-REFIS 2013
8-REFIS 2014
9-REFIS 2015
10-REFIS 2017
11-REFIS IPVA
12-REFIS 2020
13-REFIS 2021";" (, )"
"COPAF_AIX";"PF_PARCELAMENTO";34;"STA_COB_BANCARIA";"NUMBER";22;"Y";0;3;2;0;0,5;"NO";1;"Tipo de cobrança
0-Não é cobrança bancária
1-Cobrança bancária";" (, )"
"COPAF_AIX";"PF_PARCELAMENTO";35;"SEQ_PAR_ORIGINAL";"NUMBER";22;"Y";0;3;64;0;0,000000389524593024705;"NO";64;"Sequencial do parcelamento original";" (, )"
"COPAF_AIX";"PF_PARCELAMENTO";36;"NUM_DECRETO";"NUMBER";22;"Y";0;3;86;0;0,0116279069767442;"NO";1;"Número do decreto para parcelamento de estoque final";" (, )"
"COPAF_AIX";"PF_PARCELAMENTO";37;"NOM_EMAIL_CONTATO";"VARCHAR2";120;"Y";;2;17156;1237689;0,0000582886453718815;"NO";1;"E-mail do contribuinte";" (, )"
"COPAF_AIX";"PF_PARCELAMENTO";38;"NUM_FONE_CELULAR";"NUMBER";22;"Y";0;3;16836;0;0,0000593965312425754;"NO";1;"Telefone do contribuinte";" (, )"
"COPAF_AIX";"PF_PARCELAMENTO";39;"NUM_FONE_FIXO";"NUMBER";22;"Y";0;3;9982;0;0,000100180324584252;"NO";1;"Telefone fixo do contribuinte";" (, )"
"COPAF_AIX";"PF_PARCELAMENTO";40;"COD_FIELD_AS";"NUMBER";22;"Y";0;2;1;0;1;"NO";1;"Campo desconhecido";" (, )"
"COPAF_AIX";"PF_PARCELAMENTO";41;"COD_TIP_PARCELAMENTO";"NUMBER";22;"Y";0;0;0;1283616;0;"NO";0;"Tipo de parcelamento
0-Parcelamento (COPAF AIX, ICMS, ITCD)
1-Internet (IPVA)
2-Internet (Retomada)
3-Estoque Final
4-Simples
5-Internet (ICMS)
6-Internet (AI)
9-Internet (SITRAN)";" (, )"
"COPAF_AIX";"PF_PARCELAMENTO";42;"COD_ORGAO_INCLUSAO";"NUMBER";22;"Y";0;6;56;0;0,0178571428571429;"NO";1;"Órgão de inclusão do parcelamento";" (, )"
"COPAF_AIX";"PF_PARCELAMENTO";43;"COD_USU_INCLUSAO";"VARCHAR2";24;"Y";;8;512;250566;0,001953125;"NO";1;"Usuário que fez a inclusão do parcelamento";" (, )"
"COPAF_AIX";"PF_PARCELAMENTO";44;"STA_PERDE_REFIS";"NUMBER";22;"Y";0;3;2;0;0,5;"NO";1;"Status da perda do parcelamento REFIS
0-Não perde
1-Perde";" (, )"
"COPAF_AIX";"PF_PARCELAMENTO";45;"DAT_PERDE_REFIS";"NUMBER";22;"Y";0;3;3;0;0,333333333333333;"NO";1;"Data da perda do parcelamento REFIS";" (, )"
"COPAF_AIX";"PF_PARCELAMENTO";46;"COD_USU_CANC_PERDA";"VARCHAR2";24;"Y";;2;1;1283615;1;"NO";1;"Usuário que fez o cancelamento da perda do parcelamento REFIS";" (, )"
"COPAF_AIX";"PF_PARCELAMENTO";47;"DAT_CAN_PERDA";"NUMBER";22;"Y";0;3;2;0;0,5;"NO";1;"Data do cancelamento da perda do parcelamento REFIS";" (, )"
"COPAF_AIX";"PF_PARCELAMENTO";48;"NUM_TERMO_NOT_PERDA";"NUMBER";22;"Y";0;3;895;0;0,00111731843575419;"NO";1;"Número do termo de notificação da perda do parcelamento REFIS";" (, )"
"COPAF_AIX";"PF_PARCELAMENTO";49;"COD_PARC_MIGRADO";"NUMBER";22;"Y";0;3;2;0;0,5;"NO";1;"Situação parcelamento migrado para o Oracle";" (, )"
"COPAF_AIX";"PF_PARCELAMENTO";50;"DAT_ULT_ATU_PGE";"NUMBER";22;"Y";0;3;2069;0;0,000483325277912035;"NO";1;"Última atualização feita no parcelamento";" (, )"
"COPAF_AIX";"PF_PARCELAMENTO_TEMP";1;"SEQ_PARCELAM_ORA";"NUMBER";22;"Y";0;0;0;0;0;"NO";0;"Sequencial da tabela parcelamento";" (, )"
"COPAF_AIX";"PF_PARCELAMENTO_TEMP";2;"COD_TIP_DEVEDOR";"NUMBER";22;"Y";0;0;0;0;0;"NO";0;"Tipo do identificador do devedor (1-CGF, 2-CGC, 3-CPF, 4-Pessoas sem identificadores)";" (, )"
"COPAF_AIX";"PF_PARCELAMENTO_TEMP";3;"COD_DEVEDOR";"NUMBER";22;"Y";0;0;0;0;0;"NO";0;"Identificador do arquivo de devedores";" (, )"
"COPAF_AIX";"PF_PARCELAMENTO_TEMP";4;"SEQ_PARCELAMENTO";"NUMBER";22;"Y";0;0;0;0;0;"NO";0;"Sequencial do parcelamento";" (, )"
"COPAF_AIX";"PF_PARCELAMENTO_TEMP";5;"COD_ORGAO_LOCAL";"NUMBER";22;"Y";0;0;0;0;0;"NO";0;"Código do órgão local";" (, )"
"COPAF_AIX";"PF_PARCELAMENTO_TEMP";6;"DAT_ABERTURA";"NUMBER";22;"Y";0;0;0;0;0;"NO";0;"Data de abertura do parcelamento";" (, )"
"COPAF_AIX";"PF_PARCELAMENTO_TEMP";7;"DAT_FINAL";"NUMBER";22;"Y";0;0;0;0;0;"NO";0;"Data do encerramento do parcelamento";" (, )"
"COPAF_AIX";"PF_PARCELAMENTO_TEMP";8;"NUM_PARCELAS";"NUMBER";22;"Y";0;0;0;0;0;"NO";0;"Total de parcelas";" (, )"
"COPAF_AIX";"PF_PARCELAMENTO_TEMP";9;"NUM_PARCELAS_INI";"NUMBER";22;"Y";0;0;0;0;0;"NO";0;"Número de Parcelas que ja foram pagas inicialmente";" (, )"
"COPAF_AIX";"PF_PARCELAMENTO_TEMP";10;"DSC_OBSERVACAO";"VARCHAR2";300;"Y";;0;0;0;0;"NO";0;"Observação do usuário";" (, )"
"COPAF_AIX";"PF_PARCELAMENTO_TEMP";11;"COD_STATUS";"NUMBER";22;"Y";0;0;0;0;0;"NO";0;"Status do parcelamento
20-Pendente na delegacia
21-Cancelado na delegacia
22-Ativo na delegacia
23-Enviado a divida ativa
24-Inscrito na divida ativa
25-Liquidado na dívida
26-Pendente na dívida
27-Cancelado na dívida ativa
28-Ativo na dívida ativa
28-Ativo na dívida ativa
29-Perda do beneficio do parcelamenteo na dívida ativa
30-Liquidado na dívida ativa";" (, )"
"COPAF_AIX";"PF_PARCELAMENTO_TEMP";12;"NUM_PROCESSO";"NUMBER";22;"Y";0;0;0;0;0;"NO";0;"Número do processo";" (, )"
"COPAF_AIX";"PF_PARCELAMENTO_TEMP";13;"COD_USUARIO";"VARCHAR2";24;"Y";;0;0;0;0;"NO";0;"Usuário da última atualização no registro";" (, )"
"COPAF_AIX";"PF_PARCELAMENTO_TEMP";14;"DAT_ATUALIZACAO";"NUMBER";22;"Y";0;0;0;0;0;"NO";0;"Data da última atualização";" (, )"
"COPAF_AIX";"PF_PARCELAMENTO_TEMP";15;"NUM_HOR_ATUALIZACAO";"NUMBER";22;"Y";0;0;0;0;0;"NO";0;"Hora da última atualização do registro";" (, )"
"COPAF_AIX";"PF_PARCELAMENTO_TEMP";16;"COD_ATUALIZACAO";"NUMBER";22;"Y";0;0;0;0;0;"NO";0;"Tipo de atualização do registro
1-Inclusão
3-Alteração";" (, )"
"COPAF_AIX";"PF_PARCELAMENTO_TEMP";17;"NUM_INSCRICOES";"NUMBER";22;"Y";0;0;0;0;0;"NO";0;"Inscrição da dívida ativa";" (, )"
"COPAF_AIX";"PF_PARCELAMENTO_TEMP";18;"NUM_PARCELAS_PAG";"NUMBER";22;"Y";0;0;0;0;0;"NO";0;"Número de parcelas pagas";" (, )"
"COPAF_AIX";"PF_PARCELAMENTO_TEMP";19;"NUM_PARCELAS_INA";"NUMBER";22;"Y";0;0;0;0;0;"NO";0;"Número de parcelas inadimplentes";" (, )"
"COPAF_AIX";"PF_PARCELAMENTO_TEMP";20;"DAT_ULTIMO_PGTO";"NUMBER";22;"Y";0;0;0;0;0;"NO";0;"Data do último pagamento efetuado";" (, )"
"COPAF_AIX";"PF_PARCELAMENTO_TEMP";21;"NUM_DIAS_ATRASO";"NUMBER";22;"Y";0;0;0;0;0;"NO";0;"Quantidade de dias em atraso";" (, )"
"COPAF_AIX";"PF_PARCELAMENTO_TEMP";22;"COD_SITUACAO";"NUMBER";22;"Y";0;0;0;0;0;"NO";0;"Situação do parcelamento
1-Omissos
2-Que devem ser liquidados
3-Em dia";" (, )"
"COPAF_AIX";"PF_PARCELAMENTO_TEMP";23;"VLR_DEVIDO";"NUMBER";22;"Y";2;0;0;0;0;"NO";0;"Saldo em atraso";" (, )"
"COPAF_AIX";"PF_PARCELAMENTO_TEMP";24;"NUM_ID_CARTA";"NUMBER";22;"Y";0;0;0;0;0;"NO";0;"Identificador da emissão da carta de intimação";" (, )"
"COPAF_AIX";"PF_PARCELAMENTO_TEMP";25;"SEQ_PARCELAMENTO_TRA";"NUMBER";22;"Y";0;0;0;0;0;"NO";0;"Sequencial de reparcelamento";" (, )"
"COPAF_AIX";"PF_PARCELAMENTO_TEMP";26;"COD_TIP_FIANCA";"NUMBER";22;"Y";0;0;0;0;0;"NO";0;"Tipo de financiamento
1-BANCARIA
2-PESSOAL
3-GARANTIAL REAL";" (, )"
"COPAF_AIX";"PF_PARCELAMENTO_TEMP";27;"COD_CGC_FIANCA";"NUMBER";22;"Y";0;0;0;0;0;"NO";0;"CGC do fiador bancário";" (, )"
"COPAF_AIX";"PF_PARCELAMENTO_TEMP";28;"NOM_FIADOR_FIANCA";"VARCHAR2";180;"Y";;0;0;0;0;"NO";0;"Nome do banco fiador";" (, )"
"COPAF_AIX";"PF_PARCELAMENTO_TEMP";29;"NUM_REG_FIA_BEM";"VARCHAR2";60;"Y";;0;0;0;0;"NO";0;"Número da fiança ou registro do bem";" (, )"
"COPAF_AIX";"PF_PARCELAMENTO_TEMP";30;"DSC_BEM_GARANTIA";"VARCHAR2";300;"Y";;0;0;0;0;"NO";0;"Descrição do bem informado como garantia real";" (, )"
"COPAF_AIX";"PF_PARCELAMENTO_TEMP";31;"COD_STA_REMISSAO";"NUMBER";22;"Y";0;0;0;0;0;"NO";0;"Indicador se parcelamento tem direito ao desconto LEI 12772";" (, )"
"COPAF_AIX";"PF_PARCELAMENTO_TEMP";32;"DAT_PED_REMISSAO";"NUMBER";22;"Y";0;0;0;0;0;"NO";0;"Data efetivação do requerimento ao benefício LEI 12772";" (, )"
"COPAF_AIX";"PF_PARCELAMENTO_TEMP";33;"COD_FLG_REFIS";"NUMBER";22;"Y";0;0;0;0;0;"NO";0;"Indicador do parcelamento de REFIS
0-Sem REFIS
1-REFIS 2000
2-REFIS 2002
3-REFIS 2003
4-REFIS 2004
5-REFIS 2009
7-REFIS 2013
8-REFIS 2014
9-REFIS 2015
10-REFIS 2017
11-REFIS IPVA
12-REFIS 2020
13-REFIS 2021";" (, )"
"COPAF_AIX";"PF_PARCELAMENTO_TEMP";34;"STA_COB_BANCARIA";"NUMBER";22;"Y";0;0;0;0;0;"NO";0;"Tipo de cobrança
0-Não é cobrança bancária
1-Cobrança bancária";" (, )"
"COPAF_AIX";"PF_PARCELAMENTO_TEMP";35;"SEQ_PAR_ORIGINAL";"NUMBER";22;"Y";0;0;0;0;0;"NO";0;"Sequencial do parcelamento original";" (, )"
"COPAF_AIX";"PF_PARCELAMENTO_TEMP";36;"NUM_DECRETO";"NUMBER";22;"Y";0;0;0;0;0;"NO";0;"Número do decreto para parcelamento de estoque final";" (, )"
"COPAF_AIX";"PF_PARCELAMENTO_TEMP";37;"NOM_EMAIL_CONTATO";"VARCHAR2";120;"Y";;0;0;0;0;"NO";0;"E-mail do contribuinte";" (, )"
"COPAF_AIX";"PF_PARCELAMENTO_TEMP";38;"NUM_FONE_CELULAR";"NUMBER";22;"Y";0;0;0;0;0;"NO";0;"Telefone do contribuinte";" (, )"
"COPAF_AIX";"PF_PARCELAMENTO_TEMP";39;"NUM_FONE_FIXO";"NUMBER";22;"Y";0;0;0;0;0;"NO";0;"Telefone fixo do contribuinte";" (, )"
"COPAF_AIX";"PF_PARCELAMENTO_TEMP";40;"COD_FIELD_AS";"NUMBER";22;"Y";0;0;0;0;0;"NO";0;"Campo desconhecido";" (, )"
"COPAF_AIX";"PF_PARCELAMENTO_TEMP";41;"COD_TIP_PARCELAMENTO";"NUMBER";22;"Y";0;0;0;0;0;"NO";0;"Tipo de parcelamento
0-Parcelamento (COPAF AIX, ICMS, ITCD)
1-Internet (IPVA)
2-Internet (Retomada)
3-Estoque Final
4-Simples
5-Internet (ICMS)
6-Internet (AI)
9-Internet (SITRAN)";" (, )"
"COPAF_AIX";"PF_PARCELAMENTO_TEMP";42;"COD_ORGAO_INCLUSAO";"NUMBER";22;"Y";0;0;0;0;0;"NO";0;"Órgão de inclusão do parcelamento";" (, )"
"COPAF_AIX";"PF_PARCELAMENTO_TEMP";43;"COD_USU_INCLUSAO";"VARCHAR2";24;"Y";;0;0;0;0;"NO";0;"Usuário que fez a inclusão do parcelamento";" (, )"
"COPAF_AIX";"PF_PARCELAMENTO_TEMP";44;"STA_PERDE_REFIS";"NUMBER";22;"Y";0;0;0;0;0;"NO";0;"Status da perda do parcelamento REFIS
0-Não perde
1-Perde";" (, )"
"COPAF_AIX";"PF_PARCELAMENTO_TEMP";45;"DAT_PERDE_REFIS";"NUMBER";22;"Y";0;0;0;0;0;"NO";0;"Data da perda do parcelamento REFIS";" (, )"
"COPAF_AIX";"PF_PARCELAMENTO_TEMP";46;"COD_USU_CANC_PERDA";"VARCHAR2";24;"Y";;0;0;0;0;"NO";0;"Usuário que fez o cancelamento da perda do parcelamento REFIS";" (, )"
"COPAF_AIX";"PF_PARCELAMENTO_TEMP";47;"DAT_CAN_PERDA";"NUMBER";22;"Y";0;0;0;0;0;"NO";0;"Data do cancelamento da perda do parcelamento REFIS";" (, )"
"COPAF_AIX";"PF_PARCELAMENTO_TEMP";48;"NUM_TERMO_NOT_PERDA";"NUMBER";22;"Y";0;0;0;0;0;"NO";0;"Número do termo de notificação da perda do parcelamento REFIS";" (, )"
"COPAF_AIX";"PF_PARCELAMENTO_TEMP";49;"COD_PARC_MIGRADO";"NUMBER";22;"Y";0;0;0;0;0;"NO";0;"Situação parcelamento migrado para o Oracle";" (, )"
"COPAF_AIX";"PF_PARCELAMENTO_TEMP";50;"DAT_ULT_ATU_PGE";"NUMBER";22;"Y";0;0;0;0;0;"NO";0;"Última atualização feita no parcelamento";" (, )"
