"OWNER";"TABLE_NAME";"NUM_ROWS";"DUPLICATED";"COLUMN_ID";"COLUMN_NAME";"DATA_TYPE";"DATA_LENGTH";"NULLABLE";"DATA_SCALE";"AVG_COL_LEN";"NUM_DISTINCT";"NUM_NULLS";"DEFAULT_ON_NULL";"COMMENTS";"CONSTRAINTS"
"DTE";"AGENDA";0;"N";1;"COD_AGENDA";"NUMBER";22;"N";0;0;0;0;"NO";"Código único do agendamento.";"PK_AGENDA (PRIMARY KEY: ENABLED)- SYS_C00171623 (C: ENABLED)"
"DTE";"AGENDA";0;"N";2;"DAT_REGISTRO";"DATE";7;"N";;0;0;0;"NO";"Data de registro da agenda.";"SYS_C00226878 (C: ENABLED)"
"DTE";"AGENDA";0;"N";3;"NUM_DIA";"NUMBER";22;"N";0;0;0;0;"NO";"Dia da data agendada.";"SYS_C00226879 (C: ENABLED)"
"DTE";"AGENDA";0;"N";4;"NUM_MES";"NUMBER";22;"N";0;0;0;0;"NO";"Mês da data agendada.";"SYS_C00226880 (C: ENABLED)"
"DTE";"AGENDA";0;"N";5;"NUM_ANO";"NUMBER";22;"N";0;0;0;0;"NO";"Ano da data agendada.";"SYS_C00226881 (C: ENABLED)"
"DTE";"AGENDA";0;"N";6;"NUM_HORA";"NUMBER";22;"N";0;0;0;0;"NO";"hora da data agendada.'";"SYS_C00226882 (C: ENABLED)"
"DTE";"AGENDA";0;"N";7;"NUM_MINUTO";"NUMBER";22;"N";0;0;0;0;"NO";"Minuto da hora da data agendada.";"SYS_C00226883 (C: ENABLED)"
"DTE";"AGENDA";0;"N";8;"SEQ_USU_CLIENTE";"NUMBER";22;"N";0;0;0;0;"NO";"Codigo unico que define a relacao entre o usuario e o cliente.";"FK_USU_CLI_R_AGE (FOREIGN KEY: ENABLED)- SYS_C00226884 (C: ENABLED)"
"DTE";"AGENDA";0;"N";9;"SIT_REGISTRO";"NUMBER";22;"N";0;0;0;0;"NO";"Situação registro: 1=Agendado; 2=Cancelado; 3=Atendido";"SYS_C00226885 (C: ENABLED)"
"DTE";"ALERTA";2850016;"N";1;"COD_USUARIO";"NUMBER";22;"Y";0;6;313280;0;"NO";"Código único do usuário";"FK_USU_R_ALE (FOREIGN KEY: ENABLED)"
"DTE";"ALERTA";2850016;"N";2;"SEQ_ALERTA";"NUMBER";22;"N";0;6;2850016;0;"NO";"Código único do alerta";"PK_ALERTA (PRIMARY KEY: ENABLED)- SYS_C00202582 (C: ENABLED)"
"DTE";"ALERTA";2850016;"N";3;"DAT_ALERTA";"TIMESTAMP(6)";11;"N";6;11;558016;0;"NO";"Data e hora que o alerta foi criado.";"SYS_C00202583 (C: ENABLED)"
"DTE";"ALERTA";2850016;"N";4;"DAT_LEITURA";"TIMESTAMP(6)";11;"Y";6;4;246768;2219209;"NO";"Data e hora que o alerta foi lido.";" (: )"
"DTE";"ALERTA";2850016;"N";5;"COD_TIPO_ALERTA";"NUMBER";22;"Y";0;3;7;0;"NO";"Código único do tipo de alerta";"FK_TIP_ALE_R_ALE (FOREIGN KEY: ENABLED)"
"DTE";"ALERTA";2850016;"N";6;"DSC_COMPLEMENTO";"VARCHAR2";100;"Y";;8;1614720;0;"NO";"Informação complementar do alerta, como por exemplo o código do comunicado.";" (: )"
"DTE";"ANEXO_MENSAGEM";4683373;"N";1;"SEQ_ANEXO_MSG";"NUMBER";22;"N";0;6;4683373;0;"NO";"Identificador único e sequencial de anexos.";"PK_ANEXO_MENSAGEM (PRIMARY KEY: ENABLED)- SYS_C00171626 (C: ENABLED)"
"DTE";"ANEXO_MENSAGEM";4683373;"N";2;"DAT_ANEXO";"TIMESTAMP(6)";11;"N";6;11;3504128;0;"NO";"Data que o anexo foi adicionado.";"SYS_C00171627 (C: ENABLED)"
"DTE";"ANEXO_MENSAGEM";4683373;"N";3;"TXT_LINK_ANEXO";"VARCHAR2";1024;"N";;129;4497920;0;"NO";"Url para encontrar o anexo no Alfresco";"SYS_C00171628 (C: ENABLED)"
"DTE";"ANEXO_MENSAGEM";4683373;"N";4;"SEQ_DTE_MENSAGEM";"NUMBER";22;"N";0;6;3883008;0;"NO";"Identificadfor único da mensagem";"FK_MSG_R_ANEXO (FOREIGN KEY: ENABLED)- SYS_C00171629 (C: ENABLED)"
"DTE";"ANEXO_MENSAGEM";4683373;"N";5;"DSC_HASH_ALFRESCO";"VARCHAR2";255;"Y";;5;566016;4115960;"NO";"";" (: )"
"DTE";"ANEXO_MENSAGEM";4683373;"N";6;"SIT_HASH_ENVIADO";"NUMBER";22;"Y";0;3;2;0;"NO";"";" (: )"
"DTE";"APLICACAO";16;"N";1;"SEQ_APLICACAO";"NUMBER";22;"N";0;3;16;0;"NO";"Identificador único da aplicação";"PK_APLICACAO (PRIMARY KEY: ENABLED)- SYS_C00171631 (C: ENABLED)"
"DTE";"APLICACAO";16;"N";2;"NOM_APLICACAO";"VARCHAR2";100;"N";;16;15;0;"NO";"Descritivo que identifica a aplicação.";"SYS_C00171632 (C: ENABLED)"
"DTE";"APLICACAO";16;"N";3;"DAT_CRIACAO";"TIMESTAMP(6)";11;"N";6;11;14;0;"NO";"Data que o registro foi criado.";"SYS_C00171633 (C: ENABLED)"
"DTE";"APLICACAO";16;"N";4;"STA_REGISTRO";"NUMBER";22;"N";0;3;2;0;"NO";"Indica se o registro está ativo (1) ou inativo (0) para uso.";"SYS_C00171634 (C: ENABLED)"
"DTE";"APLICACAO";16;"N";5;"DSC_APP_TOKEN";"VARCHAR2";60;"N";;61;15;0;"NO";"Token único para ser usado como chave privada para assinar as comunicações no JWT.";"SYS_C00171635 (C: ENABLED)"
"DTE";"APLICACAO";16;"N";6;"DSC_APP_ENDPOINT";"VARCHAR2";500;"Y";;19;5;9;"NO";"Manter a ulr dos serviços que o aplicativo expõe no Kong para ativar a chamada de Informar situação da mensagem.";" (: )"
"DTE";"APLICACAO";16;"N";7;"COD_CLIENTE";"NUMBER";22;"N";0;2;1;0;"NO";"Codigo do cliente da aplicacao";"FK_CLI_R_APL (FOREIGN KEY: ENABLED)- SYS_C00171636 (C: ENABLED)"
"DTE";"APLICACAO";16;"N";8;"SIT_USO_INTERNO";"NUMBER";22;"Y";0;3;3;0;"NO";"";" (: )"
"DTE";"APLICACAO";16;"N";9;"DSC_APP_SALT";"VARCHAR2";60;"Y";;37;15;0;"NO";"Salt único da aplicação para evitar o mesmo hash para senhas idênticas. Usado no SEGTOKEN.";" (: )"
"DTE";"APLICACAO";16;"N";10;"DAT_INATIVA";"DATE";7;"Y";;2;1;15;"NO";"Data que a situação do registro (sta_registro) ficou em 0. Esta data é removida se o STA_REGISTRO retorna para 1.";" (: )"
"DTE";"APLICACAO";16;"N";11;"DSC_IP_CMIS";"VARCHAR2";100;"Y";;0;0;16;"NO";"Endereço do servido do CMIS onde a aplicação armazenda os documentos";" (: )"
"DTE";"APLICACAO";16;"N";12;"DSC_CMIS_USUARIO";"VARCHAR2";60;"Y";;0;0;16;"NO";"Usuário que o DT-e usará para conectar ao CMIS.";" (: )"
"DTE";"APLICACAO";16;"N";13;"DSC_CMIS_SENHA";"VARCHAR2";60;"Y";;0;0;16;"NO";"Senha do usuário que o DT-e usará para conectar ao servidor CMIS.";" (: )"
"DTE";"APLICACAO";16;"N";14;"DSC_CMIS_PASTA";"VARCHAR2";100;"Y";;0;0;16;"NO";"Pasta no servidor servidor CMIS onde são armazenados os documentos";" (: )"
"DTE";"APLICACAO";16;"N";15;"SIT_SERVICE_BUS";"NUMBER";22;"Y";0;2;1;0;"NO";"Usar plataforma de processamento de mensagens de terceiro para comunicação com a aplicação, 0=NAO 1=SIM";" (: )"
"DTE";"APLICACAO";16;"N";16;"DSC_IP_SERVICE_BUS";"VARCHAR2";100;"Y";;0;0;16;"NO";"Endereço do sevidor de service bus";" (: )"
"DTE";"APLICACAO";16;"N";17;"DSC_PORTA_SERVICE_BUS";"NUMBER";22;"Y";0;0;0;16;"NO";"Porta de serviço no servidor de service bus.";" (: )"
"DTE";"APLICACAO";16;"N";18;"DSC_TOPICO_SERVICE_BUS";"VARCHAR2";60;"Y";;0;0;16;"NO";"Topico do serviço do service bus";" (: )"
"DTE";"APLICACAO";16;"N";19;"SEQ_LISTA_SERVICE_BUS";"NUMBER";22;"Y";0;0;0;16;"NO";"Identificador de origem na tabela LISTA_SERVICE_BUS";"FK_LISTA_SERV_BUS_R_APLI (FOREIGN KEY: ENABLED)"
"DTE";"APLICACAO_DETALHE";8;"N";1;"SEQ_APLICACAO";"NUMBER";22;"N";0;3;8;0;"NO";"Identificador único do sistema";"FK_APP_R_DETALHE (FOREIGN KEY: ENABLED)- PK_APLICACAO_DETALHE (PRIMARY KEY: ENABLED)- SYS_C00171638 (C: ENABLED)"
"DTE";"APLICACAO_DETALHE";8;"N";2;"DSC_TITULO";"VARCHAR2";80;"N";;8;8;0;"NO";"Título da funcionalidade que será apresentado ao usuário.";"SYS_C00171639 (C: ENABLED)"
"DTE";"APLICACAO_DETALHE";8;"N";3;"DAT_CRIACAO";"TIMESTAMP(6)";11;"N";6;11;8;0;"NO";"Data que o registro foi criado.";"SYS_C00171640 (C: ENABLED)"
"DTE";"APLICACAO_DETALHE";8;"N";4;"SIT_ATIVO";"NUMBER";22;"N";0;3;2;0;"NO";"indica se o registros está apto para uso (1) ou inativo (0).";"SYS_C00171641 (C: ENABLED)"
"DTE";"APLICACAO_DETALHE";8;"N";5;"TXT_URL";"VARCHAR2";250;"N";;53;8;0;"NO";"Endereço para localizar/executar a aplicação.";"SYS_C00171642 (C: ENABLED)"
"DTE";"APLICACAO_DETALHE";8;"N";6;"TXT_FUNCIONALIDADE";"VARCHAR2";250;"N";;46;8;0;"NO";"Descreve a funcionalidade a ser apresentada no ambiente DT-e.";"SYS_C00171643 (C: ENABLED)"
"DTE";"APLICACAO_DETALHE";8;"N";7;"SIT_RESTRITO";"NUMBER";22;"N";0;3;2;0;"NO";"Informa se a funcionalidade fica disponível na área pública (0) ou somente após o login (1).";"SYS_C00171644 (C: ENABLED)"
"DTE";"APLICACAO_DETALHE";8;"N";8;"NUM_ICONE_APLICACAO";"NUMBER";22;"N";0;3;8;0;"NO";"Código numérico do ícone da aplicação";"SYS_C00204919 (C: ENABLED)"
"DTE";"APLICACAO_ENDPOINT";15;"N";1;"SEQ_APP_ENDPOINT";"NUMBER";22;"N";0;3;15;0;"NO";"ID único do endpoint.";"PK_APLICACAO_ENDPOINT (PRIMARY KEY: ENABLED)- SYS_C00214896 (C: ENABLED)"
"DTE";"APLICACAO_ENDPOINT";15;"N";2;"DSC_OBJETIVO_ENDPOINT";"VARCHAR2";100;"N";;25;15;0;"NO";"Breve descrição do motivo da existência do serviço.";"SYS_C00214897 (C: ENABLED)"
"DTE";"APLICACAO_ENDPOINT";15;"N";3;"SIT_ATIVO";"NUMBER";22;"N";0;3;1;0;"NO";"Indica se endpoint está ativo (1) para consumo ou não (0).";"SYS_C00214898 (C: ENABLED)"
"DTE";"APLICACAO_ENDPOINT";15;"N";4;"DSC_VERSAO_ENDPOINT";"VARCHAR2";4;"N";;4;2;0;"NO";"Versão do serviço exposto.";"SYS_C00214899 (C: ENABLED)"
"DTE";"APLICACAO_ENDPOINT";15;"N";5;"DAT_REGISTRO";"DATE";7;"N";;8;7;0;"NO";"Data que o registro foi criado.";"SYS_C00214900 (C: ENABLED)"
"DTE";"APLICACAO_ENDPOINT";15;"N";6;"DSC_NOME_ENDPOINT";"VARCHAR2";60;"N";;52;15;0;"NO";"Nome amigável do endpoint";"SYS_C00214901 (C: ENABLED)"
"DTE";"APLICACAO_ENDPOINT";15;"N";7;"DSC_ENDPOINT";"VARCHAR2";512;"N";;72;15;0;"NO";"URL do endpoint.";"SYS_C00214902 (C: ENABLED)"
"DTE";"APLICACAO_ENDPOINT";15;"N";8;"SEQ_APLICACAO";"NUMBER";22;"N";0;3;2;0;"NO";"Identificador único do sistema.";"FK_APP_R_ENP (FOREIGN KEY: ENABLED)- SYS_C00214903 (C: ENABLED)"
"DTE";"APLICACAO_MENSAGEM";356;"N";1;"SEQ_APP_MENSAGEM";"NUMBER";22;"N";0;4;356;0;"NO";"Identificador único da relação de sistema corporativo com o comuicado.";"PK_APLICACAO_MENSAGEM (PRIMARY KEY: ENABLED)- SYS_C00171647 (C: ENABLED)"
"DTE";"APLICACAO_MENSAGEM";356;"N";2;"SEQ_APLICACAO";"NUMBER";22;"N";0;3;10;0;"NO";"Identificador único do sistema";"FK_APP_R_TIP_MSG (FOREIGN KEY: ENABLED)- SYS_C00171648 (C: ENABLED)"
"DTE";"APLICACAO_MENSAGEM";356;"N";3;"DAT_REGISTRO";"DATE";7;"N";;8;177;0;"NO";"Data que o registro foi criado.";"SYS_C00171649 (C: ENABLED)"
"DTE";"APLICACAO_MENSAGEM";356;"N";4;"STA_ATIVO";"NUMBER";22;"N";0;3;2;0;"NO";"Indica situação do registro para uso (1) ativo ou (0) inativo";"SYS_C00171650 (C: ENABLED)"
"DTE";"APLICACAO_MENSAGEM";356;"N";5;"COD_MENSAGEM";"NUMBER";22;"N";0;4;119;0;"NO";"Códito do tipo de comunicado";"FK_MSG_R_APP (FOREIGN KEY: ENABLED)- SYS_C00171651 (C: ENABLED)"
"DTE";"ARQUIVO_IMPORTACAO";0;"N";1;"SEQ_ARQUIVO";"NUMBER";22;"N";0;0;0;0;"NO";"ID único do registro associado ao arquivo.";"PK_ARQUIVO_IMPORTACAO (PRIMARY KEY: ENABLED)- SYS_C00226893 (C: ENABLED)"
"DTE";"ARQUIVO_IMPORTACAO";0;"N";2;"DAT_ARQUIVO";"DATE";7;"N";;0;0;0;"NO";"Data que o arquivo foi importado.";"SYS_C00226894 (C: ENABLED)"
"DTE";"ARQUIVO_IMPORTACAO";0;"N";3;"DSC_ARQUIVO";"VARCHAR2";60;"N";;0;0;0;"NO";"Nome do arquivo importador";"SYS_C00226895 (C: ENABLED)"
"DTE";"ARQUIVO_IMPORTACAO";0;"N";4;"SIT_REGISTRO";"NUMBER";22;"N";0;0;0;0;"NO";"Situação do registro: 1=Em processamento; 2=Importação efetuada com sucesso; 0=Falha no Processamento.";"SYS_C00226896 (C: ENABLED)"
"DTE";"ARQUIVO_IMPORTACAO";0;"N";5;"SEQ_USU_CLIENTE";"NUMBER";22;"N";0;0;0;0;"NO";"Codigo unico que define a relacao entre o usuario e o cliente.";"FK_USU_CLI_R_ARQ (FOREIGN KEY: ENABLED)- SYS_C00226897 (C: ENABLED)"
"DTE";"ARQUIVO_IMPORTACAO";0;"N";6;"DSC_UUID_ALFRESCO";"VARCHAR2";1024;"N";;0;0;0;"NO";"UUID do arquivo armazenado no Alfresco.";"SYS_C00226898 (C: ENABLED)"
"DTE";"ARQUIVO_IMPORTACAO";0;"N";7;"SIT_ETAPA";"NUMBER";22;"N";0;0;0;0;"NO";"Etapa do processamento: 1.Análise de Estrutura 2. Análise de Conteúdo 3. Importação.";"SYS_C00226899 (C: ENABLED)"
"DTE";"ARQUIVO_IMPORTACAO";0;"N";8;"SIT_ACAO";"NUMBER";22;"N";0;0;0;0;"NO";"Define o tipo de ação: 0 = Importação e 2 = Exportação.";"SYS_C00226900 (C: ENABLED)"
"DTE";"CAIXA_POSTAL";4424509;"N";1;"SEQ_MENSAGEM";"NUMBER";22;"N";0;6;4424509;0;"NO";"Identificador único da mensagem na caixa postal.";"PK_CAIXA_POSTAL (PRIMARY KEY: ENABLED)- SYS_C00171653 (C: ENABLED)"
"DTE";"CAIXA_POSTAL";4424509;"N";2;"SEQ_MENSAGEM_RESPOSTA";"NUMBER";22;"Y";0;2;53072;4362535;"NO";"Relaciona a mensagem de resposta a mensagem anterior.";"FK_SELF_MSG_R_MSG (FOREIGN KEY: ENABLED)"
"DTE";"CAIXA_POSTAL";4424509;"N";3;"DSC_ASSUNTO";"VARCHAR2";256;"N";;44;850816;0;"NO";"Assunto da mensagem";"SYS_C00171654 (C: ENABLED)"
"DTE";"CAIXA_POSTAL";4424509;"N";4;"DAT_CRIACAO";"TIMESTAMP(6)";11;"N";6;11;3838464;0;"NO";"Data/hora que a mensagem chegou na caixa postal.";"SYS_C00171655 (C: ENABLED)"
"DTE";"CAIXA_POSTAL";4424509;"N";5;"STA_ANEXO";"NUMBER";22;"N";0;3;2;0;"NO";"indica se a mensagem possui anexo (1) ou não (0)";"SYS_C00171656 (C: ENABLED)"
"DTE";"CAIXA_POSTAL";4424509;"N";6;"DSC_MENSAGEM";"VARCHAR2";4000;"N";;414;403392;0;"NO";"Texto da mensagem";"SYS_C00171657 (C: ENABLED)"
"DTE";"CAIXA_POSTAL";4424509;"N";7;"COD_MENSAGEM";"NUMBER";22;"N";0;4;93;0;"NO";"Códito do tipo de comunicado";"FK_TIP_COM_R_CP (FOREIGN KEY: ENABLED)- SYS_C00171658 (C: ENABLED)"
"DTE";"CAIXA_POSTAL";4424509;"N";8;"SERVICO";"VARCHAR2";60;"Y";;2;285;4423486;"NO";"Armazena o numero do Serviço da Mensagem de Integração, quando informada. ";" (: )"
"DTE";"CAIXA_POSTAL";4424509;"N";9;"PROCESSO";"VARCHAR2";60;"Y";;2;743;4423445;"NO";"Armazena o numero do processo atribuido ao Serviço, quando informado.";" (: )"
"DTE";"CAIXA_POSTAL";4424509;"N";10;"TIPO_RESPOSTA";"VARCHAR2";120;"Y";;2;3;4416853;"NO";"Armazenar o Tipo de Resposta do Contribuinte.";" (: )"
"DTE";"CAIXA_POSTAL";4424509;"N";11;"DSC_HASH_ALFRESCO";"VARCHAR2";255;"Y";;2;26270;4398093;"NO";"Hash referente ao documento no Alfresco";" (: )"
"DTE";"CAIXA_POSTAL";4424509;"N";12;"DSC_HASH_BIZAGI";"VARCHAR2";255;"Y";;2;9160;4403014;"NO";"Hash referente ao protocolo no Bizagi";" (: )"
"DTE";"CAIXA_POSTAL";4424509;"N";13;"SEQ_USU_CLIENTE_RESPOSTA";"NUMBER";22;"Y";0;2;3581;4398191;"NO";"Identificador do usuário cliente, referente ao comunicado de resposta";" (: )"
"DTE";"CAIXA_POSTAL";4424509;"N";14;"SEQ_PROCURACAO_RESPOSTA";"NUMBER";22;"Y";0;2;1435;4419348;"NO";"Identificador da procuração referente a procuração de resposta";" (: )"
"DTE";"CIENCIA_MENSAGEM";6851186;"N";1;"SEQ_CIENCIA_MSG";"NUMBER";22;"N";0;6;6851186;0;"NO";"Identificar sequencial para diferenciar as ciências.";"PK_CIENCIA_MENSAGEM (PRIMARY KEY: ENABLED)- SYS_C00171660 (C: ENABLED)"
"DTE";"CIENCIA_MENSAGEM";6851186;"N";2;"TXT_LINK_CIENCIA";"VARCHAR2";1024;"Y";;2;2;6851184;"NO";"url para ciencia armazenada no Alfresco.";" (: )"
"DTE";"CIENCIA_MENSAGEM";6851186;"N";3;"DAT_CIENCIA";"TIMESTAMP(6)";11;"N";6;11;3233280;0;"NO";"Data que a ciencia foi registrada.";"SYS_C00171661 (C: ENABLED)"
"DTE";"CIENCIA_MENSAGEM";6851186;"N";4;"SEQ_MENSAGEM";"NUMBER";22;"N";0;6;3607552;0;"NO";"Identificador único da mensagem";"FK_MSG_R_CIENCIA (FOREIGN KEY: ENABLED)- SYS_C00171662 (C: ENABLED)"
"DTE";"CIENCIA_MENSAGEM";6851186;"N";5;"COD_USUARIO";"NUMBER";22;"N";0;6;248704;0;"NO";"Id único do usuário";"FK_USU_R_CIENCIA (FOREIGN KEY: ENABLED)- SYS_C00171663 (C: ENABLED)"
"DTE";"CIENCIA_MENSAGEM";6851186;"N";6;"SIT_TACITA";"NUMBER";22;"N";0;3;2;0;"NO";"Indica se a ciência foi tácita (1) ou via assinatura digital (0)";"SYS_C00234286 (C: ENABLED)"
"DTE";"CIENCIA_MENSAGEM";6851186;"N";7;"SIT_TIPO_CIENCIA";"NUMBER";22;"N";0;3;2;0;"NO";"Informa se foi apenas leitura (1) ou ciencia com validade juridica (0)";"SYS_C00234287 (C: ENABLED)"
"DTE";"CIENCIA_MENSAGEM";6851186;"N";8;"SEQ_USU_CLIENTE";"NUMBER";22;"Y";0;3;90400;5060094;"NO";"Codigo unico que define a relacao entre o usuario e o cliente.";" (: )"
"DTE";"CIENCIA_MENSAGEM";6851186;"N";9;"SEQ_PROCURACAO";"NUMBER";22;"Y";0;2;73312;6238433;"NO";"Auto relação para entroncar procurações de matriz e filiais";" (: )"
"DTE";"CLIENTE";1;"N";1;"COD_CLIENTE";"NUMBER";22;"N";0;2;1;0;"NO";"Código único que identifica o cliente.";"PK_CLIENTE (PRIMARY KEY: ENABLED)- SYS_C00171665 (C: ENABLED)"
"DTE";"CLIENTE";1;"N";2;"DSC_RAZAO_SOCIAL";"VARCHAR2";160;"N";;41;1;0;"NO";"Nome social do cliente.";"SYS_C00171666 (C: ENABLED)"
"DTE";"CLIENTE";1;"N";3;"DAT_REGISTRO";"DATE";7;"N";;8;1;0;"NO";"Data que o registro foi criado na tabela.";"SYS_C00171667 (C: ENABLED)"
"DTE";"CLIENTE";1;"N";4;"DAT_INI_CONTRATO";"DATE";7;"N";;8;1;0;"NO";"Data de início do contrato";"SYS_C00171668 (C: ENABLED)"
"DTE";"CLIENTE";1;"N";5;"DAT_FIM_CONTRATO";"DATE";7;"Y";;1;0;1;"NO";"Data que o contrato foi finalizado.";" (: )"
"DTE";"CLIENTE";1;"N";6;"SIT_REGISTRO";"NUMBER";22;"N";0;3;1;0;"NO";"Situação do registro, sendo 1=Ativo e 0=Inativo";"SYS_C00171669 (C: ENABLED)"
"DTE";"CONFIG_CLIENTE";14;"N";1;"BIN_LOGO";"BLOB";4000;"Y";;0;0;14;"NO";"Logotipo do cliente";" (: )"
"DTE";"CONFIG_CLIENTE";14;"N";2;"DAT_CONFIGURA";"DATE";7;"Y";;8;11;0;"NO";"Data que o registro de configuração foi criado.";" (: )"
"DTE";"CONFIG_CLIENTE";14;"N";3;"SIT_CONFIGURA";"NUMBER";22;"N";0;3;2;0;"NO";"Identifica se a configuração está ativa (1) ou inativa (0) para uso.";"SYS_C00171671 (C: ENABLED)"
"DTE";"CONFIG_CLIENTE";14;"N";4;"COD_CONFIGURACAO";"NUMBER";22;"N";0;3;14;0;"NO";"Código único da configuração.";"PK_CONFIG_CLIENTE (PRIMARY KEY: ENABLED)- SYS_C00171672 (C: ENABLED)"
"DTE";"CONFIG_CLIENTE";14;"N";5;"COD_CLIENTE";"NUMBER";22;"N";0;2;1;0;"NO";"Código do cliente";"FK_CLI_R_CONFIG (FOREIGN KEY: ENABLED)- SYS_C00171673 (C: ENABLED)"
"DTE";"CONFIG_CLIENTE";14;"N";6;"COD_TIP_APRO_USU";"NUMBER";22;"N";0;3;1;0;"NO";"Código do tipo de aprovação";"FK_TIP_APRV_USU_R_CLI (FOREIGN KEY: ENABLED)- SYS_C00171674 (C: ENABLED)"
"DTE";"CONFIG_CLIENTE";14;"N";7;"DSC_URL_DTE";"VARCHAR2";400;"Y";;25;1;0;"NO";"Endereço de internet do ambiente DT-e para aplicar em documentos.";" (: )"
"DTE";"CONFIG_CLIENTE";14;"N";8;"DSC_USU_WR_ALFRESCO";"VARCHAR2";60;"Y";;8;1;3;"NO";"Usuário de escrita do Alfresco";" (: )"
"DTE";"CONFIG_CLIENTE";14;"N";9;"DSC_USU_WR_SENHA_ALFRESCO";"VARCHAR2";30;"Y";;14;1;3;"NO";"Senha do usuário de escrita do alfresco";" (: )"
"DTE";"CONFIG_CLIENTE";14;"N";10;"DSC_URL_CONTRIBUINTE";"VARCHAR2";400;"Y";;38;2;3;"NO";"Endereço do endpoint para obter dados de contribuinte para consultas no DT-e";" (: )"
"DTE";"CONFIG_CLIENTE";14;"N";11;"DSC_HOST_SMTP";"VARCHAR2";60;"Y";;12;2;3;"NO";"Servidor SMTP usado para envio de alertas e lembrete de senhas.";" (: )"
"DTE";"CONFIG_CLIENTE";14;"N";12;"DSC_PORTA_SMTP";"NUMBER";22;"Y";0;3;1;0;"NO";"Porta do servidor SMTP";" (: )"
"DTE";"CONFIG_CLIENTE";14;"N";13;"DSC_USUARIO_SMTP";"VARCHAR2";60;"Y";;8;1;9;"NO";"conta do usuário no servidor smtp";" (: )"
"DTE";"CONFIG_CLIENTE";14;"N";14;"DSC_SENHA_SMTP";"VARCHAR2";30;"Y";;2;2;10;"NO";"Senha do SMTP";" (: )"
"DTE";"CONFIG_CLIENTE";14;"N";15;"DSC_ENDPOINT_SMS";"VARCHAR2";160;"Y";;0;0;14;"NO";"URL do serviço de SMS";" (: )"
"DTE";"CONFIG_CLIENTE";14;"N";16;"DSC_CONTA_SMS";"VARCHAR2";60;"Y";;0;0;14;"NO";"Conta para consumo do serviço SMS";" (: )"
"DTE";"CONFIG_CLIENTE";14;"N";17;"DSC_CODIGO_SMS";"VARCHAR2";30;"Y";;0;0;14;"NO";"Código de autorização para consumo do serviço SMS";" (: )"
"DTE";"CONFIG_CLIENTE";14;"N";18;"DSC_URL_AUDITOR";"VARCHAR2";400;"Y";;25;2;4;"NO";"url do site do auditor.";" (: )"
"DTE";"CONFIG_CLIENTE";14;"N";19;"DSC_API_ALFRESCO";"VARCHAR2";100;"Y";;33;4;3;"NO";"Endereço da API do Alfresco.";" (: )"
"DTE";"CONFIG_CLIENTE";14;"N";20;"DSC_PASTA_ALFRESCO";"VARCHAR2";60;"Y";;4;1;3;"NO";"Indica o nome da pasta raíz do DT-e no Alfresco para determinado cliente.";" (: )"
"DTE";"CONFIG_CLIENTE";14;"N";21;"NUM_ALERTA_PROCURACAO";"NUMBER";22;"Y";0;3;2;0;"NO";"0 informa que não se deve alertar sobre o vencimento de procurações, e >0 indica o número de dias antes do vencimento da procuração que deve ser enviado um alerta ao Contribuinte.";" (: )"
"DTE";"CONFIG_CLIENTE";14;"N";22;"NUM_ACEITE_PROCURADOR";"NUMBER";22;"Y";0;3;2;0;"NO";"Armazena, em dias, o tempo máximo para aguardar um procurador aceitar a procuração. Após o prazo, se não houver o aceite, a procuração é revogada.";" (: )"
"DTE";"CONFIG_CLIENTE";14;"N";23;"DSC_URL_API_ADVOGADO";"VARCHAR2";500;"Y";;0;0;14;"NO";"Armazena a url da api para consulta de dados de advogados no momento de nomear advogado.";" (: )"
"DTE";"CONFIG_CLIENTE";14;"N";24;"TIPO_REMETENTE";"NUMBER";22;"N";0;3;2;0;"NO";"0 - Utilizará o Razao Social do Cliente, 1 - Utilizará a Aplicação que Iniciou o Comunicado, 2 - Remetente Personalizado";"SYS_C00251315 (C: ENABLED)"
"DTE";"CONSUMO_ENDPOINT";85;"N";1;"SEQ_APLICACAO";"NUMBER";22;"Y";0;3;7;0;"NO";"Identificador único do sistema.";"FK_APP_R_CONS (FOREIGN KEY: ENABLED)"
"DTE";"CONSUMO_ENDPOINT";85;"N";2;"SEQ_APP_ENDPOINT";"NUMBER";22;"Y";0;3;15;0;"NO";"ID único do endpoint.";"FK_ENP_R_CONS (FOREIGN KEY: ENABLED)"
"DTE";"CONSUMO_ENDPOINT";85;"N";3;"SIT_CONSUMO";"NUMBER";22;"Y";0;3;2;0;"NO";"Situação da relação (1) Ativa ou (0) Inativa";" (: )"
"DTE";"COR_COMUNICADO";11;"N";1;"SEQ_COR";"NUMBER";22;"N";0;3;11;0;"NO";"Código único da cor";"PK_COR_COMUNICADO (PRIMARY KEY: ENABLED)- SYS_C00190498 (C: ENABLED)"
"DTE";"COR_COMUNICADO";11;"N";2;"DSC_COR";"VARCHAR2";30;"N";;15;11;0;"NO";"Nomeia a cor";"SYS_C00190499 (C: ENABLED)"
"DTE";"COR_COMUNICADO";11;"N";3;"DSC_COR_HTML";"VARCHAR2";30;"N";;8;9;0;"NO";"Código da cor em HTML";"SYS_C00190500 (C: ENABLED)"
"DTE";"DEPARA_COMUNICADO";5;"N";1;"SEQ_DEPARA";"NUMBER";22;"N";0;3;5;0;"NO";"Identificador único do DePara";"PK_DEPARA_COMUNICADO (PRIMARY KEY: ENABLED)- SYS_C00251316 (C: ENABLED)"
"DTE";"DEPARA_COMUNICADO";5;"N";2;"COMUNICADO_ORIGEM";"NUMBER";22;"Y";0;3;5;0;"NO";"Registra qual o comunicado será redirecionado";"FK_DEPARA_R_COMUNI_ORIGEM (FOREIGN KEY: ENABLED)"
"DTE";"DEPARA_COMUNICADO";5;"N";3;"COMUNICADO_DESTINO";"NUMBER";22;"Y";0;3;5;0;"NO";"Registra qual o comunicado que receberá o redirecionamento";"FK_DEPARA_R_COMUNI_DEST (FOREIGN KEY: ENABLED)"
"DTE";"DEPARA_COMUNICADO";5;"N";4;"DAT_MOVIMENTACAO";"DATE";7;"N";;8;5;0;"NO";"Registro da ultima alteração feita no depara";"SYS_C00251317 (C: ENABLED)"
"DTE";"DEPARA_COMUNICADO";5;"N";5;"SIT_REGISTRO";"NUMBER";22;"N";0;3;1;0;"NO";"Responsável por Armazenar o Status de Ativo/Inativo do Redirecionamento
 ativo (1) ou inativo (0)";"SYS_C00251318 (C: ENABLED)"
"DTE";"DESTINATARIO";4424510;"N";1;"DAT_LEITURA";"TIMESTAMP(6)";11;"Y";6;8;2810880;1527978;"NO";"Registra quando o destinatário efetivou a leitura.";" (: )"
"DTE";"DESTINATARIO";4424510;"N";2;"SEQ_MENSAGEM";"NUMBER";22;"N";0;6;4424510;0;"NO";"Identificador único da mensagem";"FK_MSG_R_DEST (FOREIGN KEY: ENABLED)- PK_DESTINATARIO (PRIMARY KEY: ENABLED)- SYS_C00171676 (C: ENABLED)"
"DTE";"DESTINATARIO";4424510;"N";3;"SIT_COD_DESTINATARIO";"NUMBER";22;"N";0;3;2;0;"NO";"Identifica se o COD_DESTINATARIO contém o SEQ_APP_MENSAGEM (1)  ou o COD_USUARIO (0)";"SYS_C00171677 (C: ENABLED)"
"DTE";"DESTINATARIO";4424510;"N";4;"COD_DESTINATARIO";"NUMBER";22;"N";0;6;329984;0;"NO";"Código do Destinatário";"SYS_C00183715 (C: ENABLED)"
"DTE";"DESTINATARIO";4424510;"N";5;"DSC_EMAIL";"VARCHAR2";100;"Y";;2;251;4385486;"NO";"Email do auditor, para receber notificações dos comunicados advindos de integração";" (: )"
"DTE";"DESTINATARIO";4424510;"N";6;"DSC_MATRICULA";"VARCHAR2";30;"Y";;2;251;4385486;"NO";"Matricula do Auditor que irá receber emails advindos de integração";" (: )"
"DTE";"DTE_SERVICO";0;"N";1;"COD_DTE_SERVICO";"NUMBER";22;"N";0;0;0;0;"NO";"ID interno e único que identifica o serviço.";"PK_DTE_SERVICO (PRIMARY KEY: ENABLED)- SYS_C00214881 (C: ENABLED)"
"DTE";"DTE_SERVICO";0;"N";2;"DSC_DTE_SERVICO";"VARCHAR2";100;"N";;0;0;0;"NO";"Nome técnico do serviço";"SYS_C00214882 (C: ENABLED)"
"DTE";"DTE_SERVICO";0;"N";3;"DSC_DTE_OBJETIVO";"VARCHAR2";250;"N";;0;0;0;"NO";"Descritivo que define o escopo do serviço.";"SYS_C00214883 (C: ENABLED)"
"DTE";"DTE_SERVICO";0;"N";4;"DAT_REGISTRO";"DATE";7;"N";;0;0;0;"NO";"Data que o registro foi criado.";"SYS_C00214884 (C: ENABLED)"
"DTE";"DTE_SERVICO";0;"N";5;"SIT_REGISTRO";"NUMBER";22;"N";0;0;0;0;"NO";"Indica se registro está ativo (1) ou inativo (0) para uso.";"SYS_C00214885 (C: ENABLED)"
"DTE";"ENVIO_MENSAGEM_FILA";1621709;"N";1;"SEQ_ENVIO_MENSAGEM";"NUMBER";22;"N";0;6;1621709;0;"NO";"Identificador único do envio de mensagem";"PK_ENVIO_MENSAGEM_FILA (PRIMARY KEY: ENABLED)- SYS_C00252323 (C: ENABLED)"
"DTE";"ENVIO_MENSAGEM_FILA";1621709;"N";2;"SEQ_MENSAGEM";"NUMBER";22;"Y";0;6;847040;0;"NO";"Identificador único da mensagem na caixa postal.";"FK_CX_POSTAL_R_ENVIO_MSG (FOREIGN KEY: ENABLED)"
"DTE";"ENVIO_MENSAGEM_FILA";1621709;"N";3;"DSC_MENSAGEM";"VARCHAR2";4000;"Y";;41;1282176;0;"NO";"Texto da mensagem";" (: )"
"DTE";"ENVIO_MENSAGEM_FILA";1621709;"N";4;"COD_SISTEMA";"VARCHAR2";10;"Y";;6;6;0;"NO";"Tipo de comunicado enviado";" (: )"
"DTE";"ENVIO_MENSAGEM_FILA";1621709;"N";5;"SEQ_APLICACAO";"NUMBER";22;"Y";0;3;5;0;"NO";"Identificador único da aplicação";"FK_APLICACAO_R_ENVIO_MSG (FOREIGN KEY: ENABLED)"
"DTE";"ENVIO_MENSAGEM_FILA";1621709;"N";6;"DAT_EVENTO";"TIMESTAMP(6)";11;"Y";6;11;762432;0;"NO";"Data em que ocorreu o evento";" (: )"
"DTE";"ENVIO_MENSAGEM_FILA";1621709;"N";7;"STA_ENVIO";"NUMBER";22;"Y";0;3;5;0;"NO";"Status do envio 
0 -não enviado
1- enviado";" (: )"
"DTE";"ENVIO_MENSAGEM_FILA";1621709;"N";8;"DAT_ENVIO";"TIMESTAMP(6)";11;"Y";6;11;820864;13722;"NO";"Data de consumo pela API";" (: )"
"DTE";"ENVIO_MENSAGEM_FILA";1621709;"N";9;"DSC_COMPLEMENTO";"VARCHAR2";600;"Y";;19;599232;0;"NO";"Complemento da mensagem";" (: )"
"DTE";"ENVIO_MENSAGEM_FILA";1621709;"N";10;"SEQ_MENSAGEM_RESPOSTA";"NUMBER";22;"Y";0;2;1;1621708;"NO";"Relaciona a mensagem ao protocolo pai";"FK_CX_POST_R_ENVIO_MSG_FILA (FOREIGN KEY: ENABLED)"
"DTE";"EVENTO_SERVICO";0;"N";1;"SEQ_EVEN_SERVICO";"NUMBER";22;"N";0;0;0;0;"NO";"Id único do evento.";"PK_EVENTO_SERVICO (PRIMARY KEY: ENABLED)- SYS_C00214887 (C: ENABLED)"
"DTE";"EVENTO_SERVICO";0;"N";2;"DAT_EVENTO";"TIMESTAMP(6)";11;"N";6;0;0;0;"NO";"Momento que ocorreu o evento.";"SYS_C00214888 (C: ENABLED)"
"DTE";"EVENTO_SERVICO";0;"N";3;"DSC_EVENTO";"VARCHAR2";100;"Y";;0;0;0;"NO";"Detalha o evento ocorrido.";" (: )"
"DTE";"EVENTO_SERVICO";0;"N";4;"COD_TIPO_EVENTO";"CHAR";2;"N";;0;0;0;"NO";"Código do tipo de evento de trilha.";"FK_TIP_EVE_R_EVE_SERV (FOREIGN KEY: ENABLED)- SYS_C00214889 (C: ENABLED)"
"DTE";"EVENTO_SERVICO";0;"N";5;"COD_CLIENTE";"NUMBER";22;"N";0;0;0;0;"NO";"Código único que identifica o cliente.";"FK_CLI_R_EVE_SERV (FOREIGN KEY: ENABLED)- SYS_C00214890 (C: ENABLED)"
"DTE";"EVENTO_SERVICO";0;"N";6;"COD_DTE_SERVICO";"NUMBER";22;"N";0;0;0;0;"NO";"ID interno e único que identifica o serviço.";"FK_DTE_SERV_R_EVE_SERV (FOREIGN KEY: ENABLED)- SYS_C00214891 (C: ENABLED)"
"DTE";"EVENTO_TRILHA";74093341;"N";1;"SEQ_EVENTO";"NUMBER";22;"N";0;7;74093341;0;"NO";"Identificador único do evento.";"PK_EVENTO_TRILHA (PRIMARY KEY: ENABLED)- SYS_C00171679 (C: ENABLED)"
"DTE";"EVENTO_TRILHA";74093341;"N";2;"DAT_OCORRENCIA";"TIMESTAMP(6)";11;"N";6;11;42364928;0;"NO";"Momento que ocorreu o evento.";"SYS_C00171680 (C: ENABLED)"
"DTE";"EVENTO_TRILHA";74093341;"N";3;"TXT_EVENTO";"VARCHAR2";4000;"N";;40;5091840;0;"NO";"Texto detalhe como ocorreu o evento.";"SYS_C00171681 (C: ENABLED)"
"DTE";"EVENTO_TRILHA";74093341;"N";4;"TXT_ORIGEM";"VARCHAR2";120;"N";;45;1205760;0;"NO";"Texto que registra de onde partiu o evento (nome de computador, IP...)";"SYS_C00171682 (C: ENABLED)"
"DTE";"EVENTO_TRILHA";74093341;"N";5;"COD_TIPO_EVENTO";"CHAR";2;"N";;3;4;0;"NO";"Código do tipo de evento";"FK_TIP_EVEN_R_EVEN (FOREIGN KEY: ENABLED)- SYS_C00171683 (C: ENABLED)"
"DTE";"EVENTO_TRILHA";74093341;"N";6;"COD_USUARIO";"NUMBER";22;"Y";0;0;0;74093341;"NO";"Id único do usuário";" (: )"
"DTE";"EVENTO_TRILHA";74093341;"N";7;"COD_CLIENTE";"NUMBER";22;"Y";0;0;0;74093341;"NO";"Código do cliente";" (: )"
"DTE";"EVENTO_TRILHA";74093341;"N";8;"SEQ_USU_CLIENTE";"NUMBER";22;"N";0;6;273664;0;"NO";"Código único da relação.";"FK_USU_CLI_R_EVE (FOREIGN KEY: ENABLED)- SYS_C00202107 (C: ENABLED)"
"DTE";"EVENTO_TRILHA";74093341;"N";9;"SEQ_PROCURACAO";"NUMBER";22;"Y";0;4;211712;40186492;"NO";"Identificador único da Procuração";"FK_PROC_R_EVE_TRI (FOREIGN KEY: ENABLED)"
"DTE";"FORMA_ACESSO";4;"N";1;"COD_TIPO_ACESSO";"CHAR";2;"N";;3;4;0;"NO";"Código do tipo de forma de acesso.";"PK_FORMA_ACESSO (PRIMARY KEY: ENABLED)- SYS_C00171685 (C: ENABLED)"
"DTE";"FORMA_ACESSO";4;"N";2;"DSC_TIPO_ACESSO";"VARCHAR2";60;"N";;14;4;0;"NO";"Descreve o tipo de forma de acesso.";"SYS_C00171686 (C: ENABLED)"
"DTE";"FORMA_ACESSO";4;"N";3;"DAT_CRIACAO";"TIMESTAMP(6)";11;"N";6;11;2;0;"NO";"Data que o registro foi criado";"SYS_C00171687 (C: ENABLED)"
"DTE";"FORMA_ACESSO";4;"N";4;"SIT_REGISTRO";"NUMBER";22;"N";0;3;1;0;"NO";"Indica se o registro está ativo (1) ou inativo (0) para uso.";"SYS_C00171688 (C: ENABLED)"
"DTE";"FUNCIONALIDADE_APLICACAO";43;"N";1;"SEQ_APP_MODULO";"NUMBER";22;"N";0;3;43;0;"NO";"Identificar único do módulo de uma aplicação.";"PK_FUNCIONALIDADE_APLICACAO (PRIMARY KEY: ENABLED)- SYS_C00171690 (C: ENABLED)"
"DTE";"FUNCIONALIDADE_APLICACAO";43;"N";2;"DSC_APP_MODULO";"VARCHAR2";100;"N";;18;39;0;"NO";"Descreve o módulo da aplicação.";"SYS_C00171691 (C: ENABLED)"
"DTE";"FUNCIONALIDADE_APLICACAO";43;"N";3;"DAT_CRIACAO";"TIMESTAMP(6)";11;"N";6;11;34;0;"NO";"Data que o registro foi inserido.";"SYS_C00171692 (C: ENABLED)"
"DTE";"FUNCIONALIDADE_APLICACAO";43;"N";4;"SIT_REGISTRO";"NUMBER";22;"N";0;3;2;0;"NO";"Indica se o registro está ativo para uso (1) ou inativo (0)";"SYS_C00171693 (C: ENABLED)"
"DTE";"FUNCIONALIDADE_APLICACAO";43;"N";5;"SEQ_APLICACAO";"NUMBER";22;"N";0;3;4;0;"NO";"Identificador único do sistema";"FK_APP_R_MENU (FOREIGN KEY: ENABLED)- SYS_C00171694 (C: ENABLED)"
"DTE";"FUNCIONALIDADE_APLICACAO";43;"N";6;"DSC_CODIGO_MODULO";"VARCHAR2";10;"Y";;4;42;0;"NO";"Código do módulo informado pelo usuário para identificar a operação no envio do token.";" (: )"
"DTE";"FUNCIONALIDADE_PERFIL";388;"N";1;"SEQ_PERFIL_MODULO";"NUMBER";22;"N";0;4;388;0;"NO";"Id da app+módulo x perfil";"PK_FUNCIONALIDADE_PERFIL (PRIMARY KEY: ENABLED)- SYS_C00171696 (C: ENABLED)"
"DTE";"FUNCIONALIDADE_PERFIL";388;"N";2;"DAT_INICIO";"DATE";7;"N";;8;79;0;"NO";"Data que a relação foi iniciada.";"SYS_C00171697 (C: ENABLED)"
"DTE";"FUNCIONALIDADE_PERFIL";388;"N";3;"DAT_FIM";"DATE";7;"Y";;5;206;175;"NO";"Data que a relação com o perfil finalizou, impedindo o seu uso.";" (: )"
"DTE";"FUNCIONALIDADE_PERFIL";388;"N";4;"SEQ_APP_MODULO";"NUMBER";22;"N";0;3;42;0;"NO";"Identificador único da aplicação";"FK_APP_MENU_R_PERFIL (FOREIGN KEY: ENABLED)- SYS_C00171698 (C: ENABLED)"
"DTE";"FUNCIONALIDADE_PERFIL";388;"N";5;"COD_PERFIL_ACESSO";"CHAR";2;"N";;3;4;0;"NO";"Código do perfil de acesso";"FK_PERF_R_APP (FOREIGN KEY: ENABLED)- SYS_C00171699 (C: ENABLED)"
"DTE";"FUNCIONALIDADE_PERFIL";388;"N";6;"COD_TIPO_ACESSO";"CHAR";2;"N";;3;3;0;"NO";"Tipo de forma de acesso";"FK_ACESSO_R_PERFIL (FOREIGN KEY: ENABLED)- SYS_C00171700 (C: ENABLED)"
"DTE";"FUNCIONALIDADE_PERFIL";388;"N";7;"COD_TIP_PROCURACAO";"CHAR";2;"Y";;3;6;104;"NO";"Identificador do tipo de procuração.";" (: )"
"DTE";"IMAGEM_USUARIO";694;"N";1;"BIN_IMAGEM";"BLOB";4000;"N";;205;0;0;"NO";"Imagem escolhida pelo usuário para apresentar no site.";"SYS_C00171702 (C: ENABLED)"
"DTE";"IMAGEM_USUARIO";694;"N";2;"COD_USUARIO";"NUMBER";22;"N";0;6;694;0;"NO";"Id único do usuário";"FK_USU_R_IMG (FOREIGN KEY: ENABLED)- PK_IMAGEM_USUARIO (PRIMARY KEY: ENABLED)- SYS_C00171703 (C: ENABLED)"
"DTE";"LISTA_SERVICE_BUS";3;"N";1;"SEQ_LISTA_SERVICE_BUS";"NUMBER";22;"N";0;3;3;0;"NO";"Identificador unico do registro";"PK_LISTA_SERVICE_BUS (PRIMARY KEY: ENABLED)- SYS_C00248594 (C: ENABLED)"
"DTE";"LISTA_SERVICE_BUS";3;"N";2;"DSC_SERVICE_BUS";"VARCHAR2";60;"N";;14;3;0;"NO";"Nome do sevice bus";"SYS_C00248595 (C: ENABLED)"
"DTE";"LISTA_SERVICE_BUS";3;"N";3;"DAT_INC_REGISTRO";"DATE";7;"N";;8;1;0;"NO";"Data que o registro foi criado";"SYS_C00248596 (C: ENABLED)"
"DTE";"LISTA_SERVICE_BUS";3;"N";4;"SIT_SERVICE_BUS";"NUMBER";22;"N";0;3;1;0;"NO";"Registro ativo para uso 1=SIM 0=NAO";"SYS_C00248597 (C: ENABLED)"
"DTE";"MSG_GENERICA";;"N";1;"SEQ_MSG_GENERICA";"NUMBER";22;"N";0;;;;"NO";"Identificador da Mensagem";"PK_MSG_GENERICA (PRIMARY KEY: ENABLED)- SYS_C00289456 (C: ENABLED)"
"DTE";"MSG_GENERICA";;"N";2;"DSC_TITULO_MSG_GENERICA";"VARCHAR2";256;"N";;;;;"NO";"Título da Mensagem";"SYS_C00289457 (C: ENABLED)"
"DTE";"MSG_GENERICA";;"N";3;"DSC_MSG_GENERICA";"VARCHAR2";4000;"N";;;;;"NO";"Corpo da Mensagem";"SYS_C00289458 (C: ENABLED)"
"DTE";"MSG_GENERICA";;"N";4;"DAT_INICIAL";"DATE";7;"N";;;;;"NO";"Data inicial do período de exibição da mensagem";"SYS_C00289459 (C: ENABLED)"
"DTE";"MSG_GENERICA";;"N";5;"DAT_FINAL";"DATE";7;"Y";;;;;"NO";"Data final do período de exibição da mensagem";" (: )"
"DTE";"MSG_GENERICA";;"N";6;"STA_ATIVO";"CHAR";1;"N";;;;;"NO";"Mensagem Ativa? '0'= NÃO / '1'= SIM";"SYS_C00289460 (C: ENABLED)"
"DTE";"PERFIL_ACESSO";4;"N";1;"COD_PERFIL_ACESSO";"CHAR";2;"N";;3;4;0;"NO";"Código do perfil de acesso.";"PK_PERFIL_ACESSO (PRIMARY KEY: ENABLED)- SYS_C00171705 (C: ENABLED)"
"DTE";"PERFIL_ACESSO";4;"N";2;"DSC_PERFIL_ACESSO";"VARCHAR2";60;"N";;17;4;0;"NO";"Descritivo do perfil de acesso.";"SYS_C00171706 (C: ENABLED)"
"DTE";"PERFIL_ACESSO";4;"N";3;"SIT_REGISTRO";"NUMBER";22;"Y";0;3;1;0;"NO";"Identifica se o registro está ativo para uso (1) ou inativo (0)";" (: )"
"DTE";"PERFIL_DELEGADO_310718";0;"N";1;"SEQ_PROCURACAO";"NUMBER";22;"N";0;0;0;0;"NO";"";"SYS_C00202089 (C: ENABLED)"
"DTE";"PERFIL_DELEGADO_310718";0;"N";2;"SEQ_APP_MODULO";"NUMBER";22;"N";0;0;0;0;"NO";"";"SYS_C00202090 (C: ENABLED)"
"DTE";"PERFIL_DELEGADO_310718";0;"N";3;"SEQ_PERFIL_DELEGADO";"NUMBER";22;"N";0;0;0;0;"NO";"";"SYS_C00202091 (C: ENABLED)"
"DTE";"PERFIL_DELEGADO_310718";0;"N";4;"SIT_PERFIL_DELEGADO";"NUMBER";22;"Y";0;0;0;0;"NO";"";" (: )"
"DTE";"PERFIL_NAO_DELEGADO";256472;"N";1;"SEQ_PROCURACAO";"NUMBER";22;"N";0;6;32034;0;"NO";"Id da procuração.";"FK_PROC_R_PERF_DEL (FOREIGN KEY: ENABLED)- SYS_C00202092 (C: ENABLED)"
"DTE";"PERFIL_NAO_DELEGADO";256472;"N";2;"SEQ_APP_MODULO";"NUMBER";22;"N";0;3;28;0;"NO";"Identificador único da aplicação.";"FK_APP_R_PROC (FOREIGN KEY: ENABLED)- SYS_C00202093 (C: ENABLED)"
"DTE";"PERFIL_NAO_DELEGADO";256472;"N";3;"SEQ_PERFIL_DELEGADO";"NUMBER";22;"N";0;5;256472;0;"NO";"Identificador único do perfil delegado.";"PK_PERFIL_NAO_DELEGADO (UNIQUE: ENABLED)- SYS_C00202094 (C: ENABLED)"
"DTE";"PERFIL_NAO_DELEGADO";256472;"N";4;"SIT_PERFIL_DELEGADO";"NUMBER";22;"Y";0;3;1;0;"NO";"Indica a situação do registro entre ativo (1) ou inativo (0) para uso.";" (: )"
"DTE";"PERFIL_USU_NAO_AUTORIZADO";0;"N";1;"SEQ_USU_CLIENTE";"NUMBER";22;"N";0;0;0;0;"NO";"Código único da relação";"FK_USU_CLI_R_PERF_USU_N_AUT (FOREIGN KEY: ENABLED)- SYS_C00202098 (C: ENABLED)"
"DTE";"PERFIL_USU_NAO_AUTORIZADO";0;"N";2;"SEQ_APP_MODULO";"NUMBER";22;"N";0;0;0;0;"NO";"Identificador único da aplicação";"FK_FUNC_APP_R_PERF_USU_N_AUT (FOREIGN KEY: ENABLED)- SYS_C00202099 (C: ENABLED)"
"DTE";"PERFIL_USU_NAO_AUTORIZADO";0;"N";3;"COD_PERF_N_AUTORIZADO";"NUMBER";22;"N";0;0;0;0;"NO";"Código único de funcionalidades não autorizadas para 1 usuário";"PK_PERFIL_USU_NAO_AUTORIZADO (UNIQUE: ENABLED)- SYS_C00202100 (C: ENABLED)"
"DTE";"PROCURACAO";1571915;"N";1;"SEQ_PROCURACAO";"NUMBER";22;"N";0;6;1571915;0;"NO";"Chave única que identificar o número da procuração.";"PK_PROCURACAO (PRIMARY KEY: ENABLED)- SYS_C00171712 (C: ENABLED)"
"DTE";"PROCURACAO";1571915;"N";2;"DAT_INICIO";"DATE";7;"N";;8;4760;0;"NO";"Data inicial da procuração.";"SYS_C00171713 (C: ENABLED)"
"DTE";"PROCURACAO";1571915;"N";3;"DAT_FIM";"DATE";7;"Y";;6;17752;664184;"NO";"Data que a procuração terá sua validade expirada.";" (: )"
"DTE";"PROCURACAO";1571915;"N";4;"DSC_LINK_PROCURACAO";"VARCHAR2";1024;"Y";;12;155086;1416829;"NO";"Link para documento digitalizado e gravado no allfresco";" (: )"
"DTE";"PROCURACAO";1571915;"N";5;"COD_TIP_PROCURACAO";"CHAR";2;"N";;3;6;0;"NO";"Código do tipo de procuração";"FK_TIP_PROC_R_PROC (FOREIGN KEY: ENABLED)- SYS_C00171714 (C: ENABLED)"
"DTE";"PROCURACAO";1571915;"N";6;"COD_USU_OUTORGANTE";"NUMBER";22;"N";0;6;597888;0;"NO";"Código do usuário que fez a outorga da procuração";"FK_USU_R_PROC (FOREIGN KEY: ENABLED)- SYS_C00171715 (C: ENABLED)"
"DTE";"PROCURACAO";1571915;"N";7;"SEQ_USU_CLIENTE";"NUMBER";22;"N";0;6;1292032;0;"NO";"Código único da relação.";"FK_USU_CLI_R_PROC (FOREIGN KEY: ENABLED)- SYS_C00202104 (C: ENABLED)"
"DTE";"PROCURACAO";1571915;"N";8;"DAT_EMISSAO";"TIMESTAMP(6)";11;"Y";6;11;197424;0;"NO";"Data que foi emitida a procuração";" (: )"
"DTE";"PROCURACAO";1571915;"N";9;"DAT_USU_SITUACAO";"TIMESTAMP(6)";11;"Y";6;3;128152;1337034;"NO";"Data que a situação mudou por ação do usuário.";" (: )"
"DTE";"PROCURACAO";1571915;"N";10;"STA_PROCURACAO";"NUMBER";22;"Y";0;4;7;0;"NO";"Situação da procuração:
1 = Válida
2 = Revogada
3 = Aguardando aceite do procurador
4 = Recusada pelo procurador
5 = Revogada por decurso de prazo";" (: )"
"DTE";"PROCURACAO";1571915;"N";11;"DSC_LNK_ACEITE_PROCURACAO";"VARCHAR2";1024;"Y";;8;101536;1468419;"NO";"Link no Alfresco para encontrar o aciete da procuração";" (: )"
"DTE";"PROCURACAO";1571915;"N";12;"SEQ_PROCURACAO_MATRIZ";"NUMBER";22;"Y";0;0;0;1571915;"NO";"Auto relação para entroncar procurações de matriz e filiais";"FK_PROC_R_PROC (FOREIGN KEY: ENABLED)"
"DTE";"PROCURACAO";1571915;"N";13;"DSC_HASH_ALFRESCO";"VARCHAR2";255;"Y";;2;28283;1543632;"NO";"Hash referente ao documento no Alfresco";" (: )"
"DTE";"PROCURACAO";1571915;"N";14;"DSC_HASH_ACEITE_PROCURACAO";"VARCHAR2";255;"Y";;2;26177;1545738;"NO";"Hash referente ao documento de aceite no Alfresco";" (: )"
"DTE";"PROCURADOR_NOMEADO";0;"N";1;"SEQ_MENSAGEM";"NUMBER";22;"Y";0;0;0;0;"NO";"Identificador da mensagem.";"FK_CP_R_PROC_NOM (FOREIGN KEY: ENABLED)"
"DTE";"PROCURADOR_NOMEADO";0;"N";2;"SEQ_PROC_NOMEADO";"NUMBER";22;"N";0;0;0;0;"NO";"Codigo unico do registro.";"PK_PROCURADOR_NOMEADO (PRIMARY KEY: ENABLED)- SYS_C00195454 (C: ENABLED)"
"DTE";"PROCURADOR_NOMEADO";0;"N";3;"DAT_INI_NOMEADO";"DATE";7;"N";;0;0;0;"NO";"Data que a nomeacao foi efetuada.";"SYS_C00195455 (C: ENABLED)"
"DTE";"PROCURADOR_NOMEADO";0;"N";4;"DAT_FIM_NOMEADO";"DATE";7;"Y";;0;0;0;"NO";"Data que a noemacao foi removida ou substituida por outra procuracao.";" (: )"
"DTE";"PROCURADOR_NOMEADO";0;"N";5;"SEQ_PROCURACAO";"NUMBER";22;"Y";0;0;0;0;"NO";"Ientificador do número da procuração.";"FK_PROC_R_PROC_NOM (FOREIGN KEY: ENABLED)"
"DTE";"REMETENTE";4088131;"N";1;"SEQ_MENSAGEM";"NUMBER";22;"N";0;6;4088131;0;"NO";"Identificador único da mensagem";"FK_CP_R_REM (FOREIGN KEY: ENABLED)- PK_REMETENTE (PRIMARY KEY: ENABLED)- SYS_C00171719 (C: ENABLED)"
"DTE";"REMETENTE";4088131;"N";2;"SIT_COD_REMETENTE";"NUMBER";22;"N";0;3;2;0;"NO";"Identifica se o COD_REMETENTE contém o SEQ_APP_MENSAGEM (1)  ou o COD_USUARIO (0)";"SYS_C00171720 (C: ENABLED)"
"DTE";"REMETENTE";4088131;"N";3;"COD_REMETENTE";"NUMBER";22;"N";0;4;5568;0;"NO";"Código do Remetente";"SYS_C00183716 (C: ENABLED)"
"DTE";"REMETENTE";4088131;"N";4;"SEQ_PROCURACAO";"NUMBER";22;"Y";0;2;2972;4077763;"NO";"Identificador único da procuração";"FK_PROC_R_REM (FOREIGN KEY: ENABLED)"
"DTE";"SESSAO_USUARIO";33881489;"N";1;"COD_TOKEN";"VARCHAR2";60;"N";;37;33881489;0;"NO";"Identificador único da sessão.";"PK_SESSAO_USUARIO (PRIMARY KEY: ENABLED)- SYS_C00171722 (C: ENABLED)"
"DTE";"SESSAO_USUARIO";33881489;"N";2;"DAT_CRIACAO";"TIMESTAMP(6)";11;"N";6;11;26548224;0;"NO";"Data que o token foi criado.";"SYS_C00171723 (C: ENABLED)"
"DTE";"SESSAO_USUARIO";33881489;"N";3;"TXT_IP";"VARCHAR2";100;"Y";;45;1115264;519708;"NO";"Grava o IP da origem do pedido de sessão.";" (: )"
"DTE";"SESSAO_USUARIO";33881489;"N";4;"COD_TIPO_ACESSO";"CHAR";2;"N";;3;4;0;"NO";"Tipo de forma de acesso";"FK_FOR_ACES_R_SESSAO (FOREIGN KEY: ENABLED)- SYS_C00171724 (C: ENABLED)"
"DTE";"SESSAO_USUARIO";33881489;"N";5;"COD_USUARIO";"NUMBER";22;"N";0;6;299328;0;"NO";"Id único do usuário";"FK_USU_R_TOKEN (FOREIGN KEY: ENABLED)- SYS_C00171725 (C: ENABLED)"
"DTE";"SESSAO_USUARIO";33881489;"N";6;"COD_CLIENTE";"NUMBER";22;"Y";0;2;1;1418188;"NO";"Código do cliente";"FK_CLIE_R_TOK (FOREIGN KEY: ENABLED)"
"DTE";"SESSAO_USUARIO";33881489;"N";7;"COD_PERFIL_ACESSO";"CHAR";2;"Y";;3;4;1418188;"NO";"Código do perfil de acesso";"FK_PERF_ACESS_R_TOK (FOREIGN KEY: ENABLED)"
"DTE";"SESSAO_USUARIO";33881489;"N";8;"SEQ_PROCURACAO";"NUMBER";22;"Y";0;3;213056;18887417;"NO";"ID da Procuração";"FK_PROC_R_TOK (FOREIGN KEY: ENABLED)"
"DTE";"SESSAO_USUARIO";33881489;"N";9;"SEQ_USU_CLIENTE";"NUMBER";22;"Y";0;4;202944;14855815;"NO";"Codigo unico que define a relacao entre o usuario e o cliente.";" (: )"
"DTE";"SITUACAO_MSG_CP";7135123;"N";1;"COD_SITUACAO_MSG";"NUMBER";22;"N";0;6;7135123;0;"NO";"Código único da situação.";"PK_SITUACAO_MSG_CP (PRIMARY KEY: ENABLED)- SYS_C00171727 (C: ENABLED)"
"DTE";"SITUACAO_MSG_CP";7135123;"N";2;"DAT_SITUACAO_MSG";"TIMESTAMP(6)";11;"N";6;11;6343680;0;"NO";"Data e hora do registro.";"SYS_C00171728 (C: ENABLED)"
"DTE";"SITUACAO_MSG_CP";7135123;"N";3;"SIT_SITUACAO_MSG";"NUMBER";22;"N";0;3;4;0;"NO";"0 = Não lido; 1= Lida; 2=Arquivada";"SYS_C00171729 (C: ENABLED)"
"DTE";"SITUACAO_MSG_CP";7135123;"N";4;"SEQ_MENSAGEM";"NUMBER";22;"N";0;6;4499456;0;"NO";"Identificador único da mensagem";"FK_CP_R_SIT_MSG (FOREIGN KEY: ENABLED)- SYS_C00171730 (C: ENABLED)"
"DTE";"SITUACAO_MSG_CP";7135123;"N";5;"SIT_INFORMA_SITUACAO";"NUMBER";22;"N";0;2;1;0;"NO";"Informar se o sistema que originou a mensagem recebeu o alerta de mudança de situação da mensagem. 0 = Não informou, 1 = Informou.";"SYS_C00235326 (C: ENABLED)"
"DTE";"SITUACAO_MSG_CP";7135123;"N";6;"PRAZO_RESPOSTA";"TIMESTAMP(6)";11;"Y";6;2;1247;7047589;"NO";"Amazena o prazo para resposta da mensagem";" (: )"
"DTE";"SUPORTE";0;"N";1;"NUM_PROTOCOLO";"NUMBER";22;"N";0;0;0;0;"NO";"Protocolo do atendimento, providenciado pelo sistema de atendimento";"PK_SUPORTE (PRIMARY KEY: ENABLED)- SYS_C00226887 (C: ENABLED)"
"DTE";"SUPORTE";0;"N";2;"DAT_REGISTRO";"DATE";7;"N";;0;0;0;"NO";"Data que o regisro foi criado";"SYS_C00226888 (C: ENABLED)"
"DTE";"SUPORTE";0;"N";3;"NUM_TIPO_SOLICITACAO";"NUMBER";22;"N";0;0;0;0;"NO";"Registra os tipos de solicitação: 1=Dúvida 2=Sugestão 3=Falha Operacional";"SYS_C00226889 (C: ENABLED)"
"DTE";"SUPORTE";0;"N";4;"SIT_REGISTRO";"NUMBER";22;"N";0;0;0;0;"NO";"Situação do registro, fornecido pela aplicação de atendimento. 0 = não definido.";"SYS_C00226890 (C: ENABLED)"
"DTE";"SUPORTE";0;"N";5;"SEQ_USU_CLIENTE";"NUMBER";22;"N";0;0;0;0;"NO";"Codigo unico que define a relacao entre o usuario e o cliente.";"FK_USU_CLI_R_SUP (FOREIGN KEY: ENABLED)- PK_SUPORTE (PRIMARY KEY: ENABLED)- SYS_C00226891 (C: ENABLED)"
"DTE";"SUPORTE";0;"N";6;"SEQ_APP_MODULO";"NUMBER";22;"Y";0;0;0;0;"NO";"Identificar único do módulo de uma aplicação.";"FK_FUN_R_SUP (FOREIGN KEY: ENABLED)"
"DTE";"TIPO_ALERTA";9;"N";1;"COD_TIPO_ALERTA";"NUMBER";22;"N";0;3;9;0;"NO";"Código único do tipo de alerta";"PK_TIPO_ALERTA (PRIMARY KEY: ENABLED)- SYS_C00202579 (C: ENABLED)"
"DTE";"TIPO_ALERTA";9;"N";2;"DSC_TIPO_ALERTA";"VARCHAR2";100;"N";;45;9;0;"NO";"Descreve o tipo de alerta para apresentar na tela.";"SYS_C00202580 (C: ENABLED)"
"DTE";"TIPO_APROV_USUARIO";4;"N";1;"COD_TIP_APRO_USU";"NUMBER";22;"N";0;3;4;0;"NO";"Identificador único do tipo de aprovação.";"PK_TIPO_APROV_USUARIO (PRIMARY KEY: ENABLED)- SYS_C00171732 (C: ENABLED)"
"DTE";"TIPO_APROV_USUARIO";4;"N";2;"DSC_TIP_APRO_USU";"VARCHAR2";60;"N";;18;4;0;"NO";"Descreve o tipo de aprovação.";"SYS_C00171733 (C: ENABLED)"
"DTE";"TIPO_COMUNICADO";121;"N";1;"COD_MENSAGEM";"NUMBER";22;"N";0;4;121;0;"NO";"Identificador único de tipo de comunicado.";"PK_TIPO_COMUNICADO (PRIMARY KEY: ENABLED)- SYS_C00171735 (C: ENABLED)"
"DTE";"TIPO_COMUNICADO";121;"N";2;"COD_TIPO_PRAZO";"CHAR";2;"N";;3;3;0;"NO";"Código do tipo de prazo";"FK_TIP_PRAZ_R_TIP_COM (FOREIGN KEY: ENABLED)- SYS_C00171736 (C: ENABLED)"
"DTE";"TIPO_COMUNICADO";121;"N";3;"DSC_TIPO_MSG";"VARCHAR2";60;"N";;41;113;0;"NO";"Descreve o tipo de mensagem.";"SYS_C00171737 (C: ENABLED)"
"DTE";"TIPO_COMUNICADO";121;"N";4;"DAT_REGISTRO";"DATE";7;"N";;8;88;0;"NO";"Data que o registro foi criado.";"SYS_C00171738 (C: ENABLED)"
"DTE";"TIPO_COMUNICADO";121;"N";5;"STA_ATIVO";"NUMBER";22;"N";0;3;2;0;"NO";"Indica se registro está ativo (1) ou inativo (0) para uso.";"SYS_C00171739 (C: ENABLED)"
"DTE";"TIPO_COMUNICADO";121;"N";6;"STA_CONTRIBUINTE_ENVIA";"NUMBER";22;"N";0;3;2;0;"NO";"Indica se o contribuinte pode iniciar mensagem deste tipo. 0=Não/1=Sim";"SYS_C00171740 (C: ENABLED)"
"DTE";"TIPO_COMUNICADO";121;"N";7;"STA_CONTRIBUINTE_RESPONDE";"NUMBER";22;"N";0;3;2;0;"NO";"Informa se este tipo de comunicado permite ser respondido. 0=Não/1=Sim";"SYS_C00171741 (C: ENABLED)"
"DTE";"TIPO_COMUNICADO";121;"N";8;"STA_APP_USA";"NUMBER";22;"N";0;3;1;0;"NO";"Identifica se o comunicado pode ser utilizado pelos sistemas corporativos. 0=Não/1=Sim.";"SYS_C00171742 (C: ENABLED)"
"DTE";"TIPO_COMUNICADO";121;"N";9;"STA_SMS";"NUMBER";22;"N";0;2;1;0;"NO";"Informa se um aviso via SMS deve ser enviado para o receptor informando que há mensagens do tipo. 0=Não/1=Sim.";"SYS_C00171743 (C: ENABLED)"
"DTE";"TIPO_COMUNICADO";121;"N";10;"STA_REENVIA";"NUMBER";22;"N";0;2;1;0;"NO";"Informa se a mensagem deve se reenviada após a extinção do prazo, reabrindo a contagem, se houver. 0=Não/1=Sim.";"SYS_C00171744 (C: ENABLED)"
"DTE";"TIPO_COMUNICADO";121;"N";11;"NUM_PRAZO_VALIDADE";"NUMBER";22;"Y";0;2;1;1;"NO";"Define a validade da mensagem para fins de contagem de prazo. Exemplo: se a contagem for da data da entrega do DT-e, o vencimento será a partir da soma deste campo (Validade) + data da entrega.";" (: )"
"DTE";"TIPO_COMUNICADO";121;"N";12;"STA_POPUP";"NUMBER";22;"N";0;3;2;0;"NO";"0=Nao abre popup para ciencia automatica 1=abre popup no acesso e da ciencia automatica";"SYS_C00171745 (C: ENABLED)"
"DTE";"TIPO_COMUNICADO";121;"N";13;"COD_CLIENTE";"NUMBER";22;"N";0;2;1;0;"NO";"Código do cliente";"PFK_CLI_R_TIP_COM (FOREIGN KEY: ENABLED)- SYS_C00171746 (C: ENABLED)"
"DTE";"TIPO_COMUNICADO";121;"N";14;"SIT_ICP";"NUMBER";22;"N";0;3;2;0;"NO";"Indica se o comunicado exige assinatura digital para considerar a mensagem lida.";"SYS_C00171747 (C: ENABLED)"
"DTE";"TIPO_COMUNICADO";121;"N";15;"DSC_OBJETIVO";"VARCHAR2";200;"Y";;59;115;0;"NO";"Descreve o objetivo do comunicado";" (: )"
"DTE";"TIPO_COMUNICADO";121;"N";16;"SEQ_COR";"NUMBER";22;"Y";0;3;12;0;"NO";"Código único da cor";" (: )"
"DTE";"TIPO_COMUNICADO";121;"N";17;"SIT_APP_MOVEL";"NUMBER";22;"Y";0;2;1;0;"NO";"Identifica se o envia alerta para aplicação no dispositivo móvel.";" (: )"
"DTE";"TIPO_COMUNICADO";121;"N";18;"SIT_USO_INTERNO";"NUMBER";22;"Y";0;3;2;0;"NO";"";" (: )"
"DTE";"TIPO_COMUNICADO";121;"N";19;"SIT_AVISO_EMAIL";"NUMBER";22;"Y";0;3;2;0;"NO";"Aviso ao contribuinte por e-mail.";" (: )"
"DTE";"TIPO_COMUNICADO";121;"N";20;"SIT_AUDITOR_ENVIA";"NUMBER";22;"Y";0;3;2;0;"NO";"Permite que a mensagem seja iniciada pelo auditor, quando ativo (1), e não permitr, quando inativo (0).";" (: )"
"DTE";"TIPO_COMUNICADO";121;"N";21;"SIT_NOMEAR_ADVOGADO";"NUMBER";22;"Y";0;3;2;0;"NO";"Identifica se o comunicado permite nomear advogado. 0=Não Permite e 1=Permite";" (: )"
"DTE";"TIPO_COMUNICADO";121;"N";22;"NUM_PRAZO_CIENCIA";"NUMBER";22;"Y";0;3;7;1;"NO";"Quantidade de dias a partir da data de entrega para efetivar ciencia tacita.";" (: )"
"DTE";"TIPO_COMUNICADO";121;"N";23;"POPUP_ASSUNTO";"NUMBER";22;"Y";0;2;2;14;"NO";"1 - Exibir Assunto, 0 - Não Exibir";" (: )"
"DTE";"TIPO_COMUNICADO";121;"N";24;"POPUP_MENSAGEM";"NUMBER";22;"Y";0;2;2;14;"NO";"1 - Exibir Mensagem, 0 - Não Exibir";" (: )"
"DTE";"TIPO_COMUNICADO";121;"N";25;"POPUP_PERSONALIZADO";"NUMBER";22;"Y";0;3;2;14;"NO";"1 - Exibir Texto Personalizado, 0 - Não Exibir";" (: )"
"DTE";"TIPO_COMUNICADO";121;"N";26;"POPUP_PROTOCOLO";"NUMBER";22;"Y";0;3;2;14;"NO";"1 - Exibir Protocolo, 0 - Não Exibir";" (: )"
"DTE";"TIPO_COMUNICADO";121;"N";27;"POPUP_DATA";"NUMBER";22;"Y";0;3;2;14;"NO";"1 - Exibir Data, 0 - Não Exibir";" (: )"
"DTE";"TIPO_COMUNICADO";121;"N";28;"POPUP_PERSONALIZADO_TEXTO";"VARCHAR2";256;"Y";;132;5;19;"NO";"Responsável por Armazenar Texto Personalizado dos Comunicados POPUP";" (: )"
"DTE";"TIPO_COMUNICADO";121;"N";29;"REMENTE_PERSONALIZADO";"VARCHAR2";60;"Y";;23;19;21;"NO";"Armazena o Remetente Personalizado para o Tipo de Comunicado Cadastrado";" (: )"
"DTE";"TIPO_COMUNICADO";121;"N";30;"PERMITE_ASSUNTO";"NUMBER";22;"Y";0;2;2;15;"NO";"Permite que o contribuinte envie assunto no comunicado";" (: )"
"DTE";"TIPO_COMUNICADO";121;"N";31;"PERMITE_MENSAGEM";"NUMBER";22;"Y";0;2;2;15;"NO";"Permite que o contribuinte escreva a mensagem no comunicado";" (: )"
"DTE";"TIPO_COMUNICADO";121;"N";32;"PERMITE_ANEXO";"NUMBER";22;"Y";0;2;2;15;"NO";"permite que o contribuinte anexe documentos ao comunicado";" (: )"
"DTE";"TIPO_COMUNICADO";121;"N";33;"ENDPOINT_SERVICO";"VARCHAR2";100;"Y";;4;4;117;"NO";"endpoint responsável por retornar os serviços";" (: )"
"DTE";"TIPO_COMUNICADO";121;"N";34;"ENDPOINT_PROCESSO";"VARCHAR2";100;"Y";;2;2;21;"NO";"endpoint responsável por retornar os processos";" (: )"
"DTE";"TIPO_COMUNICADO";121;"N";35;"BLOQUEIA_RESPOSTA";"NUMBER";22;"Y";0;3;2;15;"NO";"Permitir que seja bloqueada a resposta por encerramento do prazo";" (: )"
"DTE";"TIPO_COMUNICADO";121;"N";36;"RESPOSTA_PERMITE_MENSAGEM";"NUMBER";22;"Y";0;3;2;0;"NO";"Permite ao contribuinte e seus procuradores digitar mensagem";" (: )"
"DTE";"TIPO_COMUNICADO";121;"N";37;"RESPOSTA_PERMITE_ANEXO";"NUMBER";22;"Y";0;3;2;0;"NO";"Permite ao contribuinte e seus procuradores inserir anexo.";" (: )"
"DTE";"TIPO_COMUNICADO";121;"N";38;"RESPOSTA_PERMITE_COMBOBOX";"NUMBER";22;"Y";0;2;2;15;"NO";"Permite ao contribuinte e seus procuradores selecionar um dos combobox listados";" (: )"
"DTE";"TIPO_COMUNICADO";121;"N";39;"POPUP_TIPO_COMUNICADO";"NUMBER";22;"Y";0;2;2;14;"NO";"xibir/Ocultar Exibição de Item Tipo de Comunicado do POPUP";" (: )"
"DTE";"TIPO_COMUNICADO";121;"N";40;"COMBO_PERSONALIZADO_LISTA";"VARCHAR2";255;"Y";;2;2;119;"NO";"LISTA DO COMBO PERSONALIZADO DE RESPOSTA";" (: )"
"DTE";"TIPO_COMUNICADO";121;"N";41;"PERMITIR_RESPONDER_MAIS";"NUMBER";22;"Y";0;3;2;15;"NO";"PERMITE O COMUNICADO SER RESPONDIDO MAIS DE UMA VEZ";" (: )"
"DTE";"TIPO_COMUNICADO";121;"N";42;"TIPO_RESPOSTA_DEFESA";"NUMBER";22;"Y";0;3;2;15;"NO";"TIPO DE RESPOSTA DO COMUNICADO - DEFESA ";" (: )"
"DTE";"TIPO_COMUNICADO";121;"N";43;"TIPO_RESPOSTA_SOLICITACAO";"NUMBER";22;"Y";0;2;2;15;"NO";"TIPO DE RESPOSTA DO COMUNICADO - SOLICITACAO DE PRAZO";" (: )"
"DTE";"TIPO_COMUNICADO";121;"N";44;"TIPO_RESPOSTA_LIVRE";"NUMBER";22;"Y";0;2;2;15;"NO";"TIPO DE RESPOSTA DO COMUNICADO -  LIVRE";" (: )"
"DTE";"TIPO_COMUNICADO";121;"N";45;"RESPOSTA_AUDITOR";"NUMBER";22;"Y";0;2;2;15;"NO";"Identifica se o auditor pode ou não responder a mensagem.";" (: )"
"DTE";"TIPO_COMUNICADO";121;"N";46;"DESTINATARIO_PRINCIPAL";"VARCHAR2";12;"Y";;2;1;120;"NO";"Armazena o Destinatario Principal para o tipo de comunicado. ";" (: )"
"DTE";"TIPO_COMUNICADO";121;"N";47;"STA_DESTINATARIO_PRINCIPAL";"NUMBER";22;"Y";0;3;2;0;"NO";"Armazena a Permissão de Destinatário Principal
0 - não permite
1 - permite
";" (: )"
"DTE";"TIPO_COMUNICADO";121;"N";48;"ASSUNTO_PERSONALIZADO";"VARCHAR2";4000;"Y";;9;4;117;"NO";"Armazenar Conteudo de Assunto Personalizado";" (: )"
"DTE";"TIPO_COMUNICADO";121;"N";49;"SIT_ASSUNTO_PERSONALIZADO";"NUMBER";22;"Y";0;3;2;0;"NO";"Armazenar Permissão para Personalizar Assunto
0 - Não permitido
1 - Permitido";" (: )"
"DTE";"TIPO_COMUNICADO";121;"N";50;"HELPER_PERSONALIZADO";"VARCHAR2";4000;"Y";;23;5;116;"NO";"Armazenar Texto do Helper Personalizado para o tipo de comunicado.";" (: )"
"DTE";"TIPO_COMUNICADO";121;"N";51;"STA_HELPER_PERSONALIZADO";"NUMBER";22;"Y";0;3;2;0;"NO";"Armazena a Permissão do Helper personalizado para o tipo de comunicado
0 - Não permitido
1 - permitido";" (: )"
"DTE";"TIPO_COMUNICADO";121;"N";52;"VENCIMENTO_PERSONALIZADO";"VARCHAR2";100;"Y";;12;21;85;"NO";"Armazenar data para Vencimento Personalizado para o tipo de comunicado.";" (: )"
"DTE";"TIPO_COMUNICADO";121;"N";53;"STA_VENCIMENTO_PERSONALIZADO";"NUMBER";22;"N";0;3;2;0;"NO";"Armazenar o vencimento personalizado para o tipo de comunicado.
0 - NÃO
1 - SIM";"SYS_C00252720 (C: ENABLED)"
"DTE";"TIPO_COMUNICADO";121;"N";54;"SIT_TXT_BT_RESP_PERSONALIZADO";"NUMBER";22;"Y";0;3;2;21;"NO";"Situação para alterar o texto do botão de resposta
0 - Não
1 - Sim";" (: )"
"DTE";"TIPO_COMUNICADO";121;"N";55;"TXT_BT_RESP_PERSONALIZADO";"VARCHAR2";50;"Y";;8;20;87;"NO";"Permite alterar o texto do botão de resposta";" (: )"
"DTE";"TIPO_COMUNICADO";121;"N";56;"SIT_AUDITOR_ENVIA_ANEXO";"NUMBER";22;"Y";0;3;2;0;"NO";"";" (: )"
"DTE";"TIPO_COMUNICADO";121;"N";57;"TXT_AUDITOR_ENVIA_ASSUNTO";"VARCHAR2";4000;"Y";;2;1;120;"NO";"";" (: )"
"DTE";"TIPO_COMUNICADO";121;"N";58;"TXT_AUDITOR_ENVIA_MENSAGEM";"VARCHAR2";4000;"Y";;0;0;121;"NO";"";" (: )"
"DTE";"TIPO_EVENTO_TRILHA";9;"N";1;"COD_TIPO_EVENTO";"CHAR";2;"N";;3;9;0;"NO";"Código do tipo de evento de trilha.";"PK_TIPO_EVENTO_TRILHA (PRIMARY KEY: ENABLED)- SYS_C00171749 (C: ENABLED)"
"DTE";"TIPO_EVENTO_TRILHA";9;"N";2;"DSC_TIPO_EVENTO";"VARCHAR2";60;"N";;13;9;0;"NO";"Descreve o tipo de evento.";"SYS_C00171750 (C: ENABLED)"
"DTE";"TIPO_EVENTO_TRILHA";9;"N";3;"DAT_REGISTRO";"DATE";7;"N";;8;2;0;"NO";"Data que o registro foi inserido na tabela.";"SYS_C00171751 (C: ENABLED)"
"DTE";"TIPO_EVENTO_TRILHA";9;"N";4;"SIT_REGISTRO";"NUMBER";22;"N";0;3;1;0;"NO";"Indicar se o registro está liberado para uso (1) ou não (0)";"SYS_C00171752 (C: ENABLED)"
"DTE";"TIPO_EVENTO_TRILHA";9;"N";5;"SIT_TIPO_EVENTO";"NUMBER";22;"N";0;3;2;0;"NO";"Identifica se a trilha é para ação de usuáiro (1) ou de sistema (2).";"SYS_C00171753 (C: ENABLED)"
"DTE";"TIPO_PRAZO";4;"N";1;"COD_TIPO_PRAZO";"CHAR";2;"N";;3;4;0;"NO";"Identifica de forma única o tipo de contagem de prazo de comunicado.";"PK_TIPO_PRAZO (PRIMARY KEY: ENABLED)- SYS_C00171755 (C: ENABLED)"
"DTE";"TIPO_PRAZO";4;"N";2;"DAT_REGISTRO";"DATE";7;"N";;8;2;0;"NO";"Data que o registro foi criado.";"SYS_C00171756 (C: ENABLED)"
"DTE";"TIPO_PRAZO";4;"N";3;"DSC_TIPO_PRAZO";"VARCHAR2";60;"N";;32;4;0;"NO";"Descritivo do tipo de contagem de prazo.";"SYS_C00171757 (C: ENABLED)"
"DTE";"TIPO_PRAZO";4;"N";4;"STA_ATIVO";"NUMBER";22;"N";0;3;1;0;"NO";"Indica se o registro está ativo (1) ou inativo (0) para uso.";"SYS_C00171758 (C: ENABLED)"
"DTE";"TIPO_PROCURACAO";6;"N";1;"COD_TIP_PROCURACAO";"CHAR";2;"N";;3;6;0;"NO";"Identificador único do tipo de procuração.";"PK_TIPO_PROCURACAO (PRIMARY KEY: ENABLED)- SYS_C00171760 (C: ENABLED)"
"DTE";"TIPO_PROCURACAO";6;"N";2;"DSC_TIP_PROCURACAO";"VARCHAR2";60;"N";;16;6;0;"NO";"Descreve o tipo de procuração.";"SYS_C00171761 (C: ENABLED)"
"DTE";"TIPO_PROCURACAO";6;"N";3;"SIT_REGISTRO";"NUMBER";22;"Y";0;3;1;0;"NO";"Identifica se o registro está ativo para uso (1) ou inativo (0).";" (: )"
"DTE";"TOKEN_TEMPORAL";4244;"N";1;"SEQ_ID_TOKEN";"NUMBER";22;"N";0;4;4244;0;"NO";"Identificador único do registro.";"PK_TOKEN_TEMPORAL (PRIMARY KEY: ENABLED)- SYS_C00186188 (C: ENABLED)"
"DTE";"TOKEN_TEMPORAL";4244;"N";2;"DSC_TOKEN";"VARCHAR2";60;"N";;61;4244;0;"NO";"Armazena o token temporário para validação de ações.";"SYS_C00186189 (C: ENABLED)"
"DTE";"TOKEN_TEMPORAL";4244;"N";3;"DAT_TOKEN";"TIMESTAMP(6)";11;"N";6;11;4167;0;"NO";"Data e hora que registro foi criado.";"SYS_C00186190 (C: ENABLED)"
"DTE";"TOKEN_TEMPORAL";4244;"N";4;"COD_USUARIO";"NUMBER";22;"N";0;7;4023;0;"NO";"Id único do usuário";"FK_USU_R_TOK_TEMP (FOREIGN KEY: ENABLED)- SYS_C00186191 (C: ENABLED)"
"DTE";"USUARIO";4889297;"N";1;"COD_USUARIO";"NUMBER";22;"N";0;6;4889297;0;"NO";"Identidade única para o usuário";"PK_USUARIO (PRIMARY KEY: ENABLED)- SYS_C00171763 (C: ENABLED)"
"DTE";"USUARIO";4889297;"N";2;"DAT_CRIACAO";"TIMESTAMP(6)";11;"N";6;11;19928;0;"NO";"Data que o registro foi gerado.";"SYS_C00171764 (C: ENABLED)"
"DTE";"USUARIO";4889297;"N";3;"DSC_CPFCNPJ";"VARCHAR2";16;"N";;13;4889297;0;"NO";"CPF/CNPJ do usuário";"SYS_C00171765 (C: ENABLED)"
"DTE";"USUARIO";4889297;"N";4;"SIT_CPF_CNPJ";"NUMBER";22;"N";0;3;2;0;"NO";"Identifica se o usuário apresentou o CPF (1) ou CNPJ (2)";"SYS_C00171766 (C: ENABLED)"
"DTE";"USUARIO";4889297;"N";5;"NOM_USUARIO";"VARCHAR2";160;"N";;29;4243456;0;"NO";"Descreve o nome/razão social do usuário";"SYS_C00171767 (C: ENABLED)"
"DTE";"USUARIO";4889297;"N";6;"STA_REGISTRO";"NUMBER";22;"N";0;4;4;0;"NO";"Identifica se o registro está (0) Sem validação, (1) Validado/Ativo, (2) Inativo/Inválido";"SYS_C00171768 (C: ENABLED)"
"DTE";"USUARIO";4889297;"N";7;"DAT_INATIVO";"TIMESTAMP(6)";11;"Y";6;2;36;4889261;"NO";"Data que o registro foi inativado.";" (: )"
"DTE";"USUARIO";4889297;"N";8;"DSC_SENHA";"VARCHAR2";512;"Y";;2;47;4889246;"NO";"Senha de acesso do usuário criptografada";" (: )"
"DTE";"USUARIO";4889297;"N";9;"DSC_EMAIL";"VARCHAR2";100;"N";;31;565824;0;"NO";"e-mail para receber alerta, recuperação de senha.";"SYS_C00171769 (C: ENABLED)"
"DTE";"USUARIO";4889297;"N";10;"DSC_FONE_CELULAR";"VARCHAR2";9;"Y";;2;436320;4350941;"NO";"Celular para receber sms, recuperação de senha.";" (: )"
"DTE";"USUARIO";4889297;"N";11;"DSC_DDD_CELULAR";"CHAR";2;"Y";;2;99;4350941;"NO";"DDD do telefone celular.";" (: )"
"DTE";"USUARIO";4889297;"N";12;"DSC_SMS_VALIDO";"CHAR";6;"Y";;0;0;4889297;"NO";"Código de SMS utilizado para ativação.";" (: )"
"DTE";"USUARIO";4889297;"N";13;"DSC_SEED_TOKEN";"VARCHAR2";100;"Y";;0;0;4889297;"NO";"Semente para gerar os códigos variáveis.";" (: )"
"DTE";"USUARIO";4889297;"N";14;"DSC_SALT";"VARCHAR2";60;"Y";;37;24;4289;"NO";"id único para criptografia de senhas";" (: )"
"DTE";"USUARIO";4889297;"N";15;"CNPJ_BASICO";"VARCHAR2";8;"Y";;3;926592;3914513;"NO";"Armazena o CNPJ básico do contribuinte.";" (: )"
"DTE";"USUARIO";4889297;"N";16;"STA_TERMO_ACEITE";"NUMBER";22;"N";0;3;2;0;"NO";"Armazena o status de aceite ao termo do contribuinte.
0 - Não aceito
1 - Aceito";"SYS_C00252358 (C: ENABLED)"
"DTE";"USUARIO";4889297;"N";17;"DAT_TERMO_ACEITE";"TIMESTAMP(6)";11;"Y";6;2;229968;4656583;"NO";"Data em que o contribuinte realizou o aceite";" (: )"
"DTE";"USUARIO";4889297;"N";18;"SIT_MATRIZ";"NUMBER";22;"Y";0;3;2;0;"NO";"Situação: 0 - Filial, 1- Matriz";" (: )"
"DTE";"USUARIO_CLIENTE";5708229;"N";1;"COD_USUARIO";"NUMBER";22;"N";0;6;4873728;0;"NO";"Id único do usuário";"FK_USU_R_USU_CLI (FOREIGN KEY: ENABLED)- SYS_C00202073 (C: ENABLED)"
"DTE";"USUARIO_CLIENTE";5708229;"N";2;"COD_CLIENTE";"NUMBER";22;"N";0;2;1;0;"NO";"Código do cliente";"FK_CLI_R_USU_CLI (FOREIGN KEY: ENABLED)- SYS_C00202074 (C: ENABLED)"
"DTE";"USUARIO_CLIENTE";5708229;"N";3;"DAT_INI_USU_CLI";"DATE";7;"N";;8;28444;0;"NO";"Data que o usuário iniciou relação com o cliente";"SYS_C00202075 (C: ENABLED)"
"DTE";"USUARIO_CLIENTE";5708229;"N";4;"DAT_FIM_USU_CLI";"DATE";7;"Y";;2;260;5629657;"NO";"Data que a relação do usuário no cliente finalizou.";" (: )"
"DTE";"USUARIO_CLIENTE";5708229;"N";5;"SIT_REGISTRO";"NUMBER";22;"N";0;4;3;0;"NO";"Situação do registro no base (1) ativo ou (0) inativo.";"SYS_C00202076 (C: ENABLED)"
"DTE";"USUARIO_CLIENTE";5708229;"N";6;"COD_TIP_APRO_USU";"NUMBER";22;"N";0;3;1;0;"NO";"Código do tipo de aprovação";"FK_TIP_APRV_USU_R_USU_CLI (FOREIGN KEY: ENABLED)- SYS_C00202077 (C: ENABLED)"
"DTE";"USUARIO_CLIENTE";5708229;"N";7;"COD_PERFIL_ACESSO";"CHAR";2;"N";;3;4;0;"NO";"Código do perfil de acesso";"FK_PER_ACE_R_USU_CLI (FOREIGN KEY: ENABLED)- SYS_C00202078 (C: ENABLED)"
"DTE";"USUARIO_CLIENTE";5708229;"N";8;"SEQ_USU_CLIENTE";"NUMBER";22;"N";0;6;5708229;0;"NO";"Codigo unico que define a relacao entre o usuario e o cliente.";"PK_USUARIO_CLIENTE (PRIMARY KEY: ENABLED)- SYS_C00202079 (C: ENABLED)"
"DTE";"USUARIO_CLIENTE_HIST";43374;"N";1;"SEQ_USUARIO_CLIENTE_HIST";"NUMBER";22;"N";0;5;43374;0;"NO";"Identificador do historico";"PK_USUARIO_CLIENTE_HIST (PRIMARY KEY: ENABLED)- SYS_C00270094 (C: ENABLED)"
"DTE";"USUARIO_CLIENTE_HIST";43374;"N";2;"DAT_USUARIO_CLIENTE_HIST";"DATE";7;"N";;8;332;0;"NO";"Data do historico";"SYS_C00270095 (C: ENABLED)"
"DTE";"USUARIO_CLIENTE_HIST";43374;"N";3;"COD_USUARIO";"NUMBER";22;"N";0;6;43374;0;"NO";"Id único do usuário";"SYS_C00270096 (C: ENABLED)"
"DTE";"USUARIO_CLIENTE_HIST";43374;"N";4;"SEQ_USU_CLIENTE";"NUMBER";22;"N";0;6;43116;0;"NO";"Codigo unico que define a relacao entre o usuario e o cliente.";"SYS_C00270097 (C: ENABLED)"
"DTE";"USUARIO_CLIENTE_HIST";43374;"N";5;"COD_CLIENTE";"NUMBER";22;"Y";0;2;1;0;"NO";"Código do cliente";" (: )"
"DTE";"USUARIO_CLIENTE_HIST";43374;"N";6;"DAT_INI_USU_CLI";"DATE";7;"Y";;8;668;0;"NO";"Data que o usuário iniciou relação com o cliente";" (: )"
"DTE";"USUARIO_CLIENTE_HIST";43374;"N";7;"DAT_FIM_USU_CLI";"DATE";7;"Y";;2;1;43371;"NO";"Data que a relação do usuário no cliente finalizou.";" (: )"
"DTE";"USUARIO_CLIENTE_HIST";43374;"N";8;"SIT_REGISTRO";"NUMBER";22;"Y";0;3;1;0;"NO";"Situação do registro no base (1) ativo ou (0) inativo.";" (: )"
"DTE";"USUARIO_CLIENTE_HIST";43374;"N";9;"COD_TIP_APRO_USU";"NUMBER";22;"Y";0;3;1;0;"NO";"Código do tipo de aprovação";" (: )"
"DTE";"USUARIO_CLIENTE_HIST";43374;"N";10;"COD_PERFIL_ACESSO";"CHAR";2;"Y";;3;4;0;"NO";"Código do perfil de acesso";" (: )"
"DTE";"USUARIO_DETALHE";5997698;"N";1;"COD_USUARIO";"NUMBER";22;"N";0;6;4901888;0;"NO";"Id único do usuário";"FK_USU_R_USU_DET (FOREIGN KEY: ENABLED)- SYS_C00171778 (C: ENABLED)"
"DTE";"USUARIO_DETALHE";5997698;"N";2;"COD_USU_DETALHE";"NUMBER";22;"N";0;6;5997698;0;"NO";"Código único do registro com detalhes do usuário.";"PK_USUARIO_DETALHE (PRIMARY KEY: ENABLED)- SYS_C00171779 (C: ENABLED)"
"DTE";"USUARIO_DETALHE";5997698;"N";3;"DAT_CRIACAO";"DATE";7;"N";;8;31972;0;"NO";"Data que o registro foi criado";"SYS_C00171780 (C: ENABLED)"
"DTE";"USUARIO_DETALHE";5997698;"N";4;"SIT_REGISTRO";"NUMBER";22;"N";0;3;2;0;"NO";"Indica se o registro está ativo (1) ou inativo (0) para uso; registro são inativados por alterações.";"SYS_C00171781 (C: ENABLED)"
"DTE";"USUARIO_DETALHE";5997698;"N";5;"DAT_ALTERACAO";"DATE";7;"Y";;2;67328;5145296;"NO";"Data que a situação do registro foi alterada";" (: )"
"DTE";"USUARIO_DETALHE";5997698;"N";6;"DSC_CEP";"CHAR";8;"Y";;9;141984;194594;"NO";"Dígitos do CEP sem máscara";" (: )"
"DTE";"USUARIO_DETALHE";5997698;"N";7;"DSC_LOGRADOURO";"VARCHAR2";160;"Y";;16;789120;39353;"NO";"Preenchido pelo usuário, quando o CEP não é encontrado.";" (: )"
"DTE";"USUARIO_DETALHE";5997698;"N";8;"DSC_LOG_NUMERO";"VARCHAR2";8;"Y";;2;20056;5178749;"NO";"Número do estabelecimento no logradouro.";" (: )"
"DTE";"USUARIO_DETALHE";5997698;"N";9;"DSC_LOG_COMPLEMENTO";"VARCHAR2";30;"Y";;2;1019;5994906;"NO";"Complemento do logradouro.";" (: )"
"DTE";"USUARIO_DETALHE";5997698;"N";10;"DSC_DDD_COMERCIAL";"CHAR";2;"Y";;2;101;3465540;"NO";"DDD do telefone comercial.";" (: )"
"DTE";"USUARIO_DETALHE";5997698;"N";11;"DSC_FONE_COMERCIAL";"VARCHAR2";9;"Y";;5;937984;3465564;"NO";"Telefone comercial serm os dígitos.";" (: )"
"DTE";"USUARIO_DETALHE";5997698;"N";12;"DSC_EMAIL_COMERCIAL";"VARCHAR2";100;"Y";;30;569024;6852;"NO";"E-mail comercial";" (: )"
"DTE";"USUARIO_DETALHE";5997698;"N";13;"DSC_LINK_DOCUMENTOS";"VARCHAR2";1024;"Y";;0;0;5997698;"NO";"link para a pasta de documentos do usuário.";" (: )"
"DTE";"USUARIO_DETALHE";5997698;"N";14;"DSC_IM";"VARCHAR2";30;"Y";;3;816768;5156508;"NO";"Inscrição Municipal";" (: )"
"DTE";"USUARIO_DETALHE";5997698;"N";15;"DSC_OAB";"VARCHAR2";20;"Y";;2;575;5993703;"NO";"Identificador da OAB";" (: )"
"DTE";"USUARIO_DETALHE";5997698;"N";16;"DSC_OAB_UF";"CHAR";2;"Y";;2;22;5993703;"NO";"Seccional da inscrição da OAB";" (: )"
"DTE";"USUARIO_DETALHE";5997698;"N";17;"DSC_OAB_TIPO";"VARCHAR2";30;"Y";;0;0;5997698;"NO";"Tipo da OAB: Advogado, Estagiário, Suplementar";" (: )"
"DTE";"USUARIO_DETALHE";5997698;"N";18;"DSC_OAB_SITUACAO";"VARCHAR2";30;"Y";;2;1;5993703;"NO";"Situação do registro na OAB";" (: )"
"DTE";"USUARIO_DETALHE_HIST";164919840;"N";1;"SEQ_USUARIO_DETALHE_HIST";"NUMBER";22;"N";0;7;164919840;0;"NO";"Identificador do historico";"PK_USUARIO_DETALHE_HIST (PRIMARY KEY: ENABLED)- SYS_C00270089 (C: ENABLED)"
"DTE";"USUARIO_DETALHE_HIST";164919840;"N";2;"DAT_USUARIO_DETALHE_HIST";"DATE";7;"N";;8;261152;0;"NO";"Data do historico";"SYS_C00270090 (C: ENABLED)"
"DTE";"USUARIO_DETALHE_HIST";164919840;"N";3;"COD_USUARIO";"NUMBER";22;"N";0;6;1443840;0;"NO";"Id único do usuário";"SYS_C00270091 (C: ENABLED)"
"DTE";"USUARIO_DETALHE_HIST";164919840;"N";4;"COD_USU_DETALHE";"NUMBER";22;"N";0;6;1732608;0;"NO";"Código único do registro com detalhes do usuário.";"SYS_C00270092 (C: ENABLED)"
"DTE";"USUARIO_DETALHE_HIST";164919840;"N";5;"DAT_CRIACAO";"DATE";7;"Y";;8;24360;0;"NO";"Data que o registro foi criado";" (: )"
"DTE";"USUARIO_DETALHE_HIST";164919840;"N";6;"SIT_REGISTRO";"NUMBER";22;"Y";0;3;2;0;"NO";"Indica se o registro está ativo (1) ou inativo (0) para uso; registro são inativados por alterações.";" (: )"
"DTE";"USUARIO_DETALHE_HIST";164919840;"N";7;"DAT_ALTERACAO";"DATE";7;"Y";;3;22744;129742083;"NO";"Data que a situação do registro foi alterada";" (: )"
"DTE";"USUARIO_DETALHE_HIST";164919840;"N";8;"DSC_CEP";"CHAR";8;"Y";;9;48032;1947735;"NO";"Dígitos do CEP sem máscara";" (: )"
"DTE";"USUARIO_DETALHE_HIST";164919840;"N";9;"DSC_LOGRADOURO";"VARCHAR2";160;"Y";;21;435200;2501737;"NO";"Preenchido pelo usuário, quando o CEP não é encontrado.";" (: )"
"DTE";"USUARIO_DETALHE_HIST";164919840;"N";10;"DSC_LOG_NUMERO";"VARCHAR2";8;"Y";;2;18920;132901589;"NO";"Número do estabelecimento no logradouro.";" (: )"
"DTE";"USUARIO_DETALHE_HIST";164919840;"N";11;"DSC_LOG_COMPLEMENTO";"VARCHAR2";30;"Y";;2;562;164870510;"NO";"Complemento do logradouro.";" (: )"
"DTE";"USUARIO_DETALHE_HIST";164919840;"N";12;"DSC_DDD_COMERCIAL";"CHAR";2;"Y";;3;100;56447718;"NO";"DDD do telefone comercial.";" (: )"
"DTE";"USUARIO_DETALHE_HIST";164919840;"N";13;"DSC_FONE_COMERCIAL";"VARCHAR2";9;"Y";;7;825344;56447743;"NO";"Telefone comercial serm os dígitos.";" (: )"
"DTE";"USUARIO_DETALHE_HIST";164919840;"N";14;"DSC_EMAIL_COMERCIAL";"VARCHAR2";100;"Y";;19;515840;2127;"NO";"E-mail comercial";" (: )"
"DTE";"USUARIO_DETALHE_HIST";164919840;"N";15;"DSC_LINK_DOCUMENTOS";"VARCHAR2";1024;"Y";;0;0;164919840;"NO";"link para a pasta de documentos do usuário.";" (: )"
"DTE";"USUARIO_DETALHE_HIST";164919840;"N";16;"DSC_IM";"VARCHAR2";30;"Y";;3;747008;130031272;"NO";"Inscrição Municipal";" (: )"
"DTE";"USUARIO_DETALHE_HIST";164919840;"N";17;"DSC_OAB";"VARCHAR2";20;"Y";;2;269;164912890;"NO";"Identificador da OAB";" (: )"
"DTE";"USUARIO_DETALHE_HIST";164919840;"N";18;"DSC_OAB_UF";"CHAR";2;"Y";;2;16;164912890;"NO";"Seccional da inscrição da OAB";" (: )"
"DTE";"USUARIO_DETALHE_HIST";164919840;"N";19;"DSC_OAB_TIPO";"VARCHAR2";30;"Y";;0;0;164919840;"NO";"Tipo da OAB: Advogado, Estagiário, Suplementar";" (: )"
"DTE";"USUARIO_DETALHE_HIST";164919840;"N";20;"DSC_OAB_SITUACAO";"VARCHAR2";30;"Y";;2;1;164912890;"NO";"Situação do registro na OAB";" (: )"
"DTE";"USUARIO_HIST";72085969;"N";1;"SEQ_USUARIO_HIST";"NUMBER";22;"N";0;6;72085969;0;"NO";"Identificador do historico";"PK_USUARIO_HIST (PRIMARY KEY: ENABLED)- SYS_C00270086 (C: ENABLED)"
"DTE";"USUARIO_HIST";72085969;"N";2;"DAT_USUARIO_HIST";"DATE";7;"N";;8;303360;0;"NO";"Data do historico";"SYS_C00270087 (C: ENABLED)"
"DTE";"USUARIO_HIST";72085969;"N";3;"COD_USUARIO";"NUMBER";22;"N";0;6;1445888;0;"NO";"Identidade única para o usuário";"SYS_C00270088 (C: ENABLED)"
"DTE";"USUARIO_HIST";72085969;"N";4;"DAT_CRIACAO";"TIMESTAMP(6)";11;"Y";6;11;16472;0;"NO";"Data que o registro foi gerado.";" (: )"
"DTE";"USUARIO_HIST";72085969;"N";5;"DSC_CPFCNPJ";"VARCHAR2";16;"Y";;14;1489920;0;"NO";"CPF/CNPJ do usuário";" (: )"
"DTE";"USUARIO_HIST";72085969;"N";6;"SIT_CPF_CNPJ";"NUMBER";22;"Y";0;3;2;0;"NO";"Identifica se o usuário apresentou o CPF (1) ou CNPJ (2)";" (: )"
"DTE";"USUARIO_HIST";72085969;"N";7;"NOM_USUARIO";"VARCHAR2";160;"Y";;32;1445888;0;"NO";"Descreve o nome/razão social do usuário";" (: )"
"DTE";"USUARIO_HIST";72085969;"N";8;"STA_REGISTRO";"NUMBER";22;"Y";0;3;2;0;"NO";"Identifica se o registro está (0) Sem validação, (1) Validado/Ativo, (2) Inativo/Inválido";" (: )"
"DTE";"USUARIO_HIST";72085969;"N";9;"DAT_INATIVO";"TIMESTAMP(6)";11;"Y";6;2;4;72084036;"NO";"Data que o registro foi inativado.";" (: )"
"DTE";"USUARIO_HIST";72085969;"N";10;"DSC_SENHA";"VARCHAR2";512;"Y";;2;11;72076572;"NO";"Senha de acesso do usuário criptografada";" (: )"
"DTE";"USUARIO_HIST";72085969;"N";11;"DSC_EMAIL";"VARCHAR2";100;"Y";;20;510464;0;"NO";"e-mail para receber alerta, recuperação de senha.";" (: )"
"DTE";"USUARIO_HIST";72085969;"N";12;"DSC_FONE_CELULAR";"VARCHAR2";9;"Y";;4;439296;48188084;"NO";"Celular para receber sms, recuperação de senha.";" (: )"
"DTE";"USUARIO_HIST";72085969;"N";13;"DSC_DDD_CELULAR";"CHAR";2;"Y";;2;98;48188084;"NO";"DDD do telefone celular.";" (: )"
"DTE";"USUARIO_HIST";72085969;"N";14;"DSC_SMS_VALIDO";"CHAR";6;"Y";;0;0;72085969;"NO";"Código de SMS utilizado para ativação.";" (: )"
"DTE";"USUARIO_HIST";72085969;"N";15;"DSC_SEED_TOKEN";"VARCHAR2";100;"Y";;0;0;72085969;"NO";"Semente para gerar os códigos variáveis.";" (: )"
"DTE";"USUARIO_HIST";72085969;"N";16;"DSC_SALT";"VARCHAR2";60;"Y";;37;2;5978;"NO";"id único para criptografia de senhas";" (: )"
"DTE";"USUARIO_HIST";72085969;"N";17;"CNPJ_BASICO";"VARCHAR2";8;"Y";;5;750592;39152752;"NO";"Armazena o CNPJ básico do contribuinte.";" (: )"
"DTE";"USUARIO_HIST";72085969;"N";18;"STA_TERMO_ACEITE";"NUMBER";22;"Y";0;3;2;0;"NO";"Armazena o status de aceite ao termo do contribuinte.
0 - Não aceito
1 - Aceito";" (: )"
"DTE";"USUARIO_HIST";72085969;"N";19;"DAT_TERMO_ACEITE";"TIMESTAMP(6)";11;"Y";6;3;184192;60949621;"NO";"Data em que o contribuinte realizou o aceite";" (: )"
